id,good,defect,no_lens
None_20230710090535_2_L_1.jpg,0,1,0
None_20230710090535_3_L_1.jpg,0,1,0
None_20230710090535_4_L_1.jpg,0,1,0
None_20230710090654_0_L_1.jpg,0,1,0
None_20230710090654_1_L_1.jpg,0,1,0
None_20230710090654_2_L_1.jpg,0,1,0
None_20230710090654_3_L_1.jpg,0,1,0
None_20230710090654_4_L_1.jpg,0,1,0
None_20230710090707_0_R_1.jpg,0,1,0
None_20230710090707_1_R_1.jpg,0,1,0
None_20230710090707_2_L_1.jpg,0,1,0
None_20230710090707_2_R_1.jpg,0,1,0
None_20230710090707_3_L_1.jpg,0,1,0
None_20230710090707_3_R_1.jpg,0,1,0
None_20230710090707_4_L_1.jpg,0,1,0
None_20230710090707_4_R_1.jpg,0,1,0
None_20230710090720_0_R_1.jpg,0,1,0
None_20230710090720_1_L_1.jpg,0,1,0
None_20230710090720_1_R_1.jpg,0,1,0
None_20230710090720_2_L_1.jpg,0,1,0
None_20230710090720_3_L_1.jpg,0,1,0
None_20230710090720_3_R_1.jpg,0,1,0
None_20230710090720_4_L_1.jpg,0,1,0
None_20230710090720_4_R_1.jpg,0,1,0
None_20230710090733_0_L_1.jpg,0,1,0
None_20230710090733_0_R_1.jpg,0,1,0
None_20230710090733_1_L_1.jpg,0,1,0
None_20230710090733_1_R_1.jpg,0,1,0
None_20230710090733_2_L_1.jpg,0,1,0
None_20230710090733_4_L_1.jpg,0,1,0
None_20230710090746_0_R_1.jpg,0,1,0
None_20230710090746_2_R_1.jpg,0,1,0
None_20230710090746_3_R_1.jpg,0,1,0
None_20230710091240_0_R_1.jpg,0,1,0
None_20230710091240_2_R_1.jpg,0,1,0
None_20230710091240_3_R_1.jpg,0,1,0
None_20230710091240_4_R_1.jpg,0,1,0
None_20230710091249_2_L_1.jpg,0,1,0
None_20230710091249_3_L_1.jpg,0,1,0
None_20230710091249_4_L_1.jpg,0,1,0
None_20230710091301_1_R_1.jpg,0,1,0
None_20230710091301_2_L_1.jpg,0,1,0
None_20230710091301_2_R_1.jpg,0,1,0
None_20230710091301_3_L_1.jpg,0,1,0
None_20230710091301_4_L_1.jpg,0,1,0
None_20230710091314_1_R_1.jpg,0,1,0
None_20230710091314_2_L_1.jpg,0,1,0
None_20230710091314_2_R_1.jpg,0,1,0
None_20230710091314_3_L_1.jpg,0,1,0
None_20230710091420_1_R_1.jpg,0,1,0
None_20230710091420_2_L_1.jpg,0,1,0
None_20230710091420_2_R_1.jpg,0,1,0
None_20230710091420_3_L_1.jpg,0,1,0
None_20230710091420_3_R_1.jpg,0,1,0
None_20230710091420_4_L_1.jpg,0,1,0
None_20230710091430_0_R_1.jpg,0,1,0
None_20230710091430_1_L_1.jpg,0,1,0
None_20230710091430_1_R_1.jpg,0,1,0
None_20230710091430_3_L_1.jpg,0,1,0
None_20230710091430_3_R_1.jpg,0,1,0
None_20230710091430_4_R_1.jpg,0,1,0
None_20230710091441_0_L_1.jpg,0,1,0
None_20230710091441_1_R_1.jpg,0,1,0
None_20230710091441_2_L_1.jpg,0,1,0
None_20230710091441_3_L_1.jpg,0,1,0
None_20230710091441_3_R_1.jpg,0,1,0
None_20230710091441_4_L_1.jpg,0,1,0
None_20230710091441_4_R_1.jpg,0,1,0
None_20230710091722_0_R_1.jpg,0,1,0
None_20230710091722_1_L_1.jpg,0,1,0
None_20230710091722_2_L_1.jpg,0,1,0
None_20230710091722_2_R_1.jpg,0,1,0
None_20230710091722_3_L_1.jpg,0,1,0
None_20230710091722_3_R_1.jpg,0,1,0
None_20230710091735_0_L_1.jpg,0,1,0
None_20230710091735_0_R_1.jpg,0,1,0
None_20230710091735_1_L_1.jpg,0,1,0
None_20230710091735_2_L_1.jpg,0,1,0
None_20230710091735_2_R_1.jpg,0,1,0
None_20230710091735_4_L_1.jpg,0,1,0
None_20230710091735_4_R_1.jpg,0,1,0
None_20230710091747_1_L_1.jpg,0,1,0
None_20230710091747_1_R_1.jpg,0,1,0
None_20230710091747_2_L_1.jpg,0,1,0
None_20230710091747_3_L_1.jpg,0,1,0
None_20230710091747_4_L_1.jpg,0,1,0
None_20230710091801_1_R_1.jpg,0,1,0
None_20230710091801_2_R_1.jpg,0,1,0
None_20230710091801_3_R_1.jpg,0,1,0
None_20230710092105_0_R_1.jpg,0,1,0
None_20230710092105_3_R_1.jpg,0,1,0
None_20230710092114_1_L_1.jpg,0,1,0
None_20230710092114_2_L_1.jpg,0,1,0
None_20230710092114_3_L_1.jpg,0,1,0
None_20230710092114_4_L_1.jpg,0,1,0
None_20230710092141_0_R_1.jpg,0,1,0
None_20230710092141_1_R_1.jpg,0,1,0
None_20230710092141_2_L_1.jpg,0,1,0
None_20230710092141_3_L_1.jpg,0,1,0
None_20230710092141_3_R_1.jpg,0,1,0
None_20230710092141_4_L_1.jpg,0,1,0
None_20230710092141_4_R_1.jpg,0,1,0
None_20230710092154_0_R_1.jpg,0,1,0
None_20230710092154_1_R_1.jpg,0,1,0
None_20230710092154_2_L_1.jpg,0,1,0
None_20230710092154_2_R_1.jpg,0,1,0
None_20230710092154_3_L_1.jpg,0,1,0
None_20230710092229_0_R_1.jpg,0,1,0
None_20230710092229_1_L_1.jpg,0,1,0
None_20230710092229_2_L_1.jpg,0,1,0
None_20230710092229_2_R_1.jpg,0,1,0
None_20230710092229_3_L_1.jpg,0,1,0
None_20230710092238_0_R_1.jpg,0,1,0
None_20230710092238_1_L_1.jpg,0,1,0
None_20230710092238_2_L_1.jpg,0,1,0
None_20230710092238_2_R_1.jpg,0,1,0
None_20230710092238_3_L_1.jpg,0,1,0
None_20230710092238_4_L_1.jpg,0,1,0
None_20230710092238_4_R_1.jpg,0,1,0
None_20230710092249_0_L_1.jpg,0,1,0
None_20230710092249_0_R_1.jpg,0,1,0
None_20230710092249_1_L_1.jpg,0,1,0
None_20230710092249_1_R_1.jpg,0,1,0
None_20230710092249_2_L_1.jpg,0,1,0
None_20230710092249_3_L_1.jpg,0,1,0
None_20230710092249_4_L_1.jpg,0,1,0
None_20230710092301_1_R_1.jpg,0,1,0
None_20230710092301_2_R_1.jpg,0,1,0
None_20230710092301_3_R_1.jpg,0,1,0
None_20230710092301_4_R_1.jpg,0,1,0
None_20230710092518_2_L_1.jpg,0,1,0
None_20230710092518_3_L_1.jpg,0,1,0
None_20230710092518_4_L_1.jpg,0,1,0
None_20230710092531_0_L_1.jpg,0,1,0
None_20230710092531_0_R_1.jpg,0,1,0
None_20230710092531_1_R_1.jpg,0,1,0
None_20230710092531_2_L_1.jpg,0,1,0
None_20230710092531_2_R_1.jpg,0,1,0
None_20230710092531_3_L_1.jpg,0,1,0
None_20230710092531_4_L_1.jpg,0,1,0
None_20230710092543_0_L_1.jpg,0,1,0
None_20230710092543_0_R_1.jpg,0,1,0
None_20230710092543_2_L_1.jpg,0,1,0
None_20230710092543_3_L_1.jpg,0,1,0
None_20230710092543_3_R_1.jpg,0,1,0
None_20230710092557_0_R_1.jpg,0,1,0
None_20230710092557_1_R_1.jpg,0,1,0
None_20230710092557_2_L_1.jpg,0,1,0
None_20230710092557_2_R_1.jpg,0,1,0
None_20230710092557_3_L_1.jpg,0,1,0
None_20230710092749_0_L_1.jpg,0,1,0
None_20230710092749_0_R_1.jpg,0,1,0
None_20230710092749_1_R_1.jpg,0,1,0
None_20230710092749_2_R_1.jpg,0,1,0
None_20230710092749_3_L_1.jpg,0,1,0
None_20230710092749_3_R_1.jpg,0,1,0
None_20230710092749_4_L_1.jpg,0,1,0
None_20230710092759_0_R_1.jpg,0,1,0
None_20230710092759_2_L_1.jpg,0,1,0
None_20230710092759_3_L_1.jpg,0,1,0
None_20230710092759_4_L_1.jpg,0,1,0
None_20230710092827_0_L_1.jpg,0,1,0
None_20230710092827_0_R_1.jpg,0,1,0
None_20230710092827_1_R_1.jpg,0,1,0
None_20230710092827_2_L_1.jpg,0,1,0
None_20230710092827_2_R_1.jpg,0,1,0
None_20230710092827_3_L_1.jpg,0,1,0
None_20230710092827_3_R_1.jpg,0,1,0
None_20230710092827_4_L_1.jpg,0,1,0
None_20230710092827_4_R_1.jpg,0,1,0
None_20230710092838_0_L_1.jpg,0,1,0
None_20230710092838_2_L_1.jpg,0,1,0
None_20230710092838_2_R_1.jpg,0,1,0
None_20230710092838_3_L_1.jpg,0,1,0
None_20230710092838_3_R_1.jpg,0,1,0
None_20230710092838_4_L_1.jpg,0,1,0
None_20230710092850_0_R_1.jpg,0,1,0
None_20230710092850_1_R_1.jpg,0,1,0
None_20230710092850_3_R_1.jpg,0,1,0
None_20230710093014_0_R_1.jpg,0,1,0
None_20230710093014_1_R_1.jpg,0,1,0
None_20230710093014_2_R_1.jpg,0,1,0
None_20230710093014_4_R_1.jpg,0,1,0
None_20230710093024_0_L_1.jpg,0,1,0
None_20230710093024_1_L_1.jpg,0,1,0
None_20230710093024_2_L_1.jpg,0,1,0
None_20230710093024_4_L_1.jpg,0,1,0
None_20230710093035_2_L_1.jpg,0,1,0
None_20230710093035_2_R_1.jpg,0,1,0
None_20230710093035_3_L_1.jpg,0,1,0
None_20230710093035_4_L_1.jpg,0,1,0
None_20230710093049_0_R_1.jpg,0,1,0
None_20230710093049_1_L_1.jpg,0,1,0
None_20230710093049_1_R_1.jpg,0,1,0
None_20230710093049_2_L_1.jpg,0,1,0
None_20230710093049_3_L_1.jpg,0,1,0
None_20230710093049_4_L_1.jpg,0,1,0
None_20230710093101_0_R_1.jpg,0,1,0
None_20230710093101_1_L_1.jpg,0,1,0
None_20230710093101_1_R_1.jpg,0,1,0
None_20230710093101_3_L_1.jpg,0,1,0
None_20230710093312_0_L_1.jpg,0,1,0
None_20230710093312_0_R_1.jpg,0,1,0
None_20230710093312_1_R_1.jpg,0,1,0
None_20230710093312_2_R_1.jpg,0,1,0
None_20230710093312_3_R_1.jpg,0,1,0
None_20230710093312_4_L_1.jpg,0,1,0
None_20230710093312_4_R_1.jpg,0,1,0
None_20230710093322_0_L_1.jpg,0,1,0
None_20230710093322_0_R_1.jpg,0,1,0
None_20230710093322_1_L_1.jpg,0,1,0
None_20230710093322_1_R_1.jpg,0,1,0
None_20230710093322_2_L_1.jpg,0,1,0
None_20230710093322_3_L_1.jpg,0,1,0
None_20230710093335_1_R_1.jpg,0,1,0
None_20230710093335_2_L_1.jpg,0,1,0
None_20230710093335_2_R_1.jpg,0,1,0
None_20230710093335_3_L_1.jpg,0,1,0
None_20230710093335_3_R_1.jpg,0,1,0
None_20230710093335_4_L_1.jpg,0,1,0
None_20230710093335_4_R_1.jpg,0,1,0
None_20230710093346_0_L_1.jpg,0,1,0
None_20230710093346_0_R_1.jpg,0,1,0
None_20230710093346_1_R_1.jpg,0,1,0
None_20230710093346_2_L_1.jpg,0,1,0
None_20230710093346_2_R_1.jpg,0,1,0
None_20230710093346_3_L_1.jpg,0,1,0
None_20230710093346_3_R_1.jpg,0,1,0
None_20230710093346_4_L_1.jpg,0,1,0
None_20230710093402_1_R_1.jpg,0,1,0
None_20230710093402_3_R_1.jpg,0,1,0
None_20230710093402_4_R_1.jpg,0,1,0
None_20230710094713_3_L_1.jpg,0,1,0
None_20230710094713_4_L_1.jpg,0,1,0
None_20230710094724_1_L_1.jpg,0,1,0
None_20230710094724_2_L_1.jpg,0,1,0
None_20230710094724_2_R_1.jpg,0,1,0
None_20230710094724_3_L_1.jpg,0,1,0
None_20230710094724_4_L_1.jpg,0,1,0
None_20230710094724_4_R_1.jpg,0,1,0
None_20230710094737_0_L_1.jpg,0,1,0
None_20230710094737_0_R_1.jpg,0,1,0
None_20230710094737_1_L_1.jpg,0,1,0
None_20230710094737_1_R_1.jpg,0,1,0
None_20230710094737_2_L_1.jpg,0,1,0
None_20230710094737_3_L_1.jpg,0,1,0
None_20230710094737_3_R_1.jpg,0,1,0
None_20230710094737_4_L_1.jpg,0,1,0
None_20230710094751_0_R_1.jpg,0,1,0
None_20230710094751_2_L_1.jpg,0,1,0
None_20230710094751_3_R_1.jpg,0,1,0
None_20230710094751_4_L_1.jpg,0,1,0
None_20230710094803_4_R_1.jpg,0,1,0
None_20230710095404_0_L_1.jpg,0,1,0
None_20230710095404_3_L_1.jpg,0,1,0
None_20230710095415_0_L_1.jpg,0,1,0
None_20230710095415_1_L_1.jpg,0,1,0
None_20230710095415_1_R_1.jpg,0,1,0
None_20230710095415_2_R_1.jpg,0,1,0
None_20230710095415_3_L_1.jpg,0,1,0
None_20230710095415_3_R_1.jpg,0,1,0
None_20230710095415_4_L_1.jpg,0,1,0
None_20230710095428_1_L_1.jpg,0,1,0
None_20230710095428_2_L_1.jpg,0,1,0
None_20230710095428_2_R_1.jpg,0,1,0
None_20230710095428_3_L_1.jpg,0,1,0
None_20230710095428_3_R_1.jpg,0,1,0
None_20230710095428_4_L_1.jpg,0,1,0
None_20230710095428_4_R_1.jpg,0,1,0
None_20230710095440_0_L_1.jpg,0,1,0
None_20230710095440_0_R_1.jpg,0,1,0
None_20230710095440_1_L_1.jpg,0,1,0
None_20230710095440_1_R_1.jpg,0,1,0
None_20230710095440_2_R_1.jpg,0,1,0
None_20230710095440_3_R_1.jpg,0,1,0
None_20230710095440_4_L_1.jpg,0,1,0
None_20230710095440_4_R_1.jpg,0,1,0
None_20230710095455_0_R_1.jpg,0,1,0
None_20230710095455_1_R_1.jpg,0,1,0
None_20230710095455_3_R_1.jpg,0,1,0
None_20230710095455_4_R_1.jpg,0,1,0
None_20230710095700_0_L_1.jpg,0,1,0
None_20230710095700_1_L_1.jpg,0,1,0
None_20230710095700_4_L_1.jpg,0,1,0
None_20230710095711_0_R_1.jpg,0,1,0
None_20230710095711_1_L_1.jpg,0,1,0
None_20230710095711_2_L_1.jpg,0,1,0
None_20230710095711_3_L_1.jpg,0,1,0
None_20230710095711_3_R_1.jpg,0,1,0
None_20230710095711_4_L_1.jpg,0,1,0
None_20230710095711_4_R_1.jpg,0,1,0
None_20230710095723_0_L_1.jpg,0,1,0
None_20230710095723_1_L_1.jpg,0,1,0
None_20230710095723_3_L_1.jpg,0,1,0
None_20230710095723_3_R_1.jpg,0,1,0
None_20230710095723_4_L_1.jpg,0,1,0
None_20230710095723_4_R_1.jpg,0,1,0
None_20230710095739_0_L_1.jpg,0,1,0
None_20230710095739_0_R_1.jpg,0,1,0
None_20230710095739_1_L_1.jpg,0,1,0
None_20230710095739_1_R_1.jpg,0,1,0
None_20230710095739_2_L_1.jpg,0,1,0
None_20230710095739_2_R_1.jpg,0,1,0
None_20230710095739_3_L_1.jpg,0,1,0
None_20230710095739_3_R_1.jpg,0,1,0
None_20230710095739_4_L_1.jpg,0,1,0
None_20230710095739_4_R_1.jpg,0,1,0
None_20230710095752_0_R_1.jpg,0,1,0
None_20230710095752_1_R_1.jpg,0,1,0
None_20230710095752_2_R_1.jpg,0,1,0
None_20230710095752_3_R_1.jpg,0,1,0
None_20230710095936_0_L_1.jpg,0,1,0
None_20230710095936_1_L_1.jpg,0,1,0
None_20230710095936_2_L_1.jpg,0,1,0
None_20230710095936_3_L_1.jpg,0,1,0
None_20230710095936_4_L_1.jpg,0,1,0
None_20230710095947_0_R_1.jpg,0,1,0
None_20230710095947_1_L_1.jpg,0,1,0
None_20230710095947_1_R_1.jpg,0,1,0
None_20230710095947_2_R_1.jpg,0,1,0
None_20230710095947_3_L_1.jpg,0,1,0
None_20230710095947_3_R_1.jpg,0,1,0
None_20230710095947_4_L_1.jpg,0,1,0
None_20230710095947_4_R_1.jpg,0,1,0
None_20230710100159_1_R_1.jpg,0,1,0
None_20230710100159_2_L_1.jpg,0,1,0
None_20230710100159_2_R_1.jpg,0,1,0
None_20230710100159_3_L_1.jpg,0,1,0
None_20230710100159_4_R_1.jpg,0,1,0
None_20230710100224_1_R_1.jpg,0,1,0
None_20230710100224_2_R_1.jpg,0,1,0
None_20230710100224_4_R_1.jpg,0,1,0
None_20230710100236_0_R_1.jpg,0,1,0
None_20230710100236_1_R_1.jpg,0,1,0
None_20230710100236_2_R_1.jpg,0,1,0
None_20230710100236_4_R_1.jpg,0,1,0
None_20230710101216_1_L_1.jpg,0,1,0
None_20230710101216_2_L_1.jpg,0,1,0
None_20230710101216_3_L_1.jpg,0,1,0
None_20230710101216_4_L_1.jpg,0,1,0
None_20230710101229_0_L_1.jpg,0,1,0
None_20230710101229_0_R_1.jpg,0,1,0
None_20230710101229_1_L_1.jpg,0,1,0
None_20230710101229_2_L_1.jpg,0,1,0
None_20230710101229_4_R_1.jpg,0,1,0
None_20230710101242_1_R_1.jpg,0,1,0
None_20230710101242_2_R_1.jpg,0,1,0
None_20230710101242_3_R_1.jpg,0,1,0
None_20230710101242_4_L_1.jpg,0,1,0
None_20230710101242_4_R_1.jpg,0,1,0
None_20230710101255_0_R_1.jpg,0,1,0
None_20230710101255_1_L_1.jpg,0,1,0
None_20230710101255_1_R_1.jpg,0,1,0
None_20230710101255_2_L_1.jpg,0,1,0
None_20230710101255_2_R_1.jpg,0,1,0
None_20230710101255_3_L_1.jpg,0,1,0
None_20230710101255_4_L_1.jpg,0,1,0
None_20230710101255_4_R_1.jpg,0,1,0
None_20230710101308_0_L_1.jpg,0,1,0
None_20230710101308_0_R_1.jpg,0,1,0
None_20230710101308_1_L_1.jpg,0,1,0
None_20230710101308_2_R_1.jpg,0,1,0
None_20230710101308_3_L_1.jpg,0,1,0
None_20230710101321_3_R_1.jpg,0,1,0
None_20230710101321_4_R_1.jpg,0,1,0
None_20230710101630_0_R_1.jpg,0,1,0
None_20230710101630_1_R_1.jpg,0,1,0
None_20230710101630_2_R_1.jpg,0,1,0
None_20230710101630_3_R_1.jpg,0,1,0
None_20230710101639_0_L_1.jpg,0,1,0
None_20230710101639_1_L_1.jpg,0,1,0
None_20230710101639_2_L_1.jpg,0,1,0
None_20230710101639_3_L_1.jpg,0,1,0
None_20230710101639_4_L_1.jpg,0,1,0
None_20230710101650_0_L_1.jpg,0,1,0
None_20230710101650_2_L_1.jpg,0,1,0
None_20230710101650_2_R_1.jpg,0,1,0
None_20230710101650_3_L_1.jpg,0,1,0
None_20230710101650_3_R_1.jpg,0,1,0
None_20230710101703_0_L_1.jpg,0,1,0
None_20230710101703_0_R_1.jpg,0,1,0
None_20230710101703_1_L_1.jpg,0,1,0
None_20230710101703_1_R_1.jpg,0,1,0
None_20230710101703_2_L_1.jpg,0,1,0
None_20230710101703_2_R_1.jpg,0,1,0
None_20230710101810_0_L_1.jpg,0,1,0
None_20230710101810_0_R_1.jpg,0,1,0
None_20230710101810_1_R_1.jpg,0,1,0
None_20230710101810_2_L_1.jpg,0,1,0
None_20230710101810_3_L_1.jpg,0,1,0
None_20230710101810_3_R_1.jpg,0,1,0
None_20230710101810_4_L_1.jpg,0,1,0
None_20230710101810_4_R_1.jpg,0,1,0
None_20230710101821_0_L_1.jpg,0,1,0
None_20230710101821_0_R_1.jpg,0,1,0
None_20230710101821_1_L_1.jpg,0,1,0
None_20230710101821_2_R_1.jpg,0,1,0
None_20230710101821_3_R_1.jpg,0,1,0
None_20230710101821_4_L_1.jpg,0,1,0
None_20230710101821_4_R_1.jpg,0,1,0
None_20230710101832_0_L_1.jpg,0,1,0
None_20230710101832_0_R_1.jpg,0,1,0
None_20230710101832_1_L_1.jpg,0,1,0
None_20230710101832_1_R_1.jpg,0,1,0
None_20230710101832_2_L_1.jpg,0,1,0
None_20230710101832_3_L_1.jpg,0,1,0
None_20230710101832_3_R_1.jpg,0,1,0
None_20230710101832_4_R_1.jpg,0,1,0
None_20230710101845_0_L_1.jpg,0,1,0
None_20230710101845_0_R_1.jpg,0,1,0
None_20230710101845_1_L_1.jpg,0,1,0
None_20230710101845_1_R_1.jpg,0,1,0
None_20230710101845_3_L_1.jpg,0,1,0
None_20230710101845_3_R_1.jpg,0,1,0
None_20230710101845_4_L_1.jpg,0,1,0
None_20230710101858_1_R_1.jpg,0,1,0
None_20230710101858_2_R_1.jpg,0,1,0
None_20230710102003_0_R_1.jpg,0,1,0
None_20230710102003_1_R_1.jpg,0,1,0
None_20230710102003_2_R_1.jpg,0,1,0
None_20230710102003_3_R_1.jpg,0,1,0
None_20230710102003_4_R_1.jpg,0,1,0
None_20230710102012_0_L_1.jpg,0,1,0
None_20230710102012_1_L_1.jpg,0,1,0
None_20230710102012_4_L_1.jpg,0,1,0
None_20230710102024_0_L_1.jpg,0,1,0
None_20230710102024_0_R_1.jpg,0,1,0
None_20230710102024_1_L_1.jpg,0,1,0
None_20230710102024_1_R_1.jpg,0,1,0
None_20230710102024_2_L_1.jpg,0,1,0
None_20230710102024_2_R_1.jpg,0,1,0
None_20230710102024_3_L_1.jpg,0,1,0
None_20230710102024_3_R_1.jpg,0,1,0
None_20230710102024_4_R_1.jpg,0,1,0
None_20230710102036_0_L_1.jpg,0,1,0
None_20230710102036_1_L_1.jpg,0,1,0
None_20230710102036_1_R_1.jpg,0,1,0
None_20230710102036_2_L_1.jpg,0,1,0
None_20230710102036_2_R_1.jpg,0,1,0
None_20230710102036_3_L_1.jpg,0,1,0
None_20230710102036_3_R_1.jpg,0,1,0
None_20230710102124_0_L_1.jpg,0,1,0
None_20230710102124_1_R_1.jpg,0,1,0
None_20230710102124_2_L_1.jpg,0,1,0
None_20230710102124_2_R_1.jpg,0,1,0
None_20230710102124_3_R_1.jpg,0,1,0
None_20230710102124_4_L_1.jpg,0,1,0
None_20230710102124_4_R_1.jpg,0,1,0
None_20230710102136_0_R_1.jpg,0,1,0
None_20230710102136_1_R_1.jpg,0,1,0
None_20230710102136_2_L_1.jpg,0,1,0
None_20230710102136_2_R_1.jpg,0,1,0
None_20230710102136_3_L_1.jpg,0,1,0
None_20230710102136_4_L_1.jpg,0,1,0
None_20230710102148_0_L_1.jpg,0,1,0
None_20230710102148_0_R_1.jpg,0,1,0
None_20230710102148_1_L_1.jpg,0,1,0
None_20230710102148_1_R_1.jpg,0,1,0
None_20230710102148_2_L_1.jpg,0,1,0
None_20230710102148_2_R_1.jpg,0,1,0
None_20230710102148_3_L_1.jpg,0,1,0
None_20230710102148_3_R_1.jpg,0,1,0
None_20230710102148_4_L_1.jpg,0,1,0
None_20230710102148_4_R_1.jpg,0,1,0
None_20230710102203_0_R_1.jpg,0,1,0
None_20230710102203_1_R_1.jpg,0,1,0
None_20230710102203_2_R_1.jpg,0,1,0
None_20230710102203_3_R_1.jpg,0,1,0
None_20230710104956_0_R_1.jpg,0,1,0
None_20230710104956_1_R_1.jpg,0,1,0
None_20230710104956_3_R_1.jpg,0,1,0
None_20230710104956_4_R_1.jpg,0,1,0
None_20230710105007_0_L_1.jpg,0,1,0
None_20230710105007_1_L_1.jpg,0,1,0
None_20230710105007_2_L_1.jpg,0,1,0
None_20230710105007_4_L_1.jpg,0,1,0
None_20230710105019_0_L_1.jpg,0,1,0
None_20230710105019_0_R_1.jpg,0,1,0
None_20230710105019_1_L_1.jpg,0,1,0
None_20230710105019_2_L_1.jpg,0,1,0
None_20230710105019_2_R_1.jpg,0,1,0
None_20230710105019_3_L_1.jpg,0,1,0
None_20230710105050_0_L_1.jpg,0,1,0
None_20230710105050_0_R_1.jpg,0,1,0
None_20230710105050_1_L_1.jpg,0,1,0
None_20230710105050_2_L_1.jpg,0,1,0
None_20230710105050_2_R_1.jpg,0,1,0
None_20230710105050_3_R_1.jpg,0,1,0
None_20230710105050_4_L_1.jpg,0,1,0
None_20230710105050_4_R_1.jpg,0,1,0
None_20230710105100_0_L_1.jpg,0,1,0
None_20230710105100_0_R_1.jpg,0,1,0
None_20230710105100_1_L_1.jpg,0,1,0
None_20230710105100_1_R_1.jpg,0,1,0
None_20230710105100_2_L_1.jpg,0,1,0
None_20230710105100_2_R_1.jpg,0,1,0
None_20230710105100_3_L_1.jpg,0,1,0
None_20230710105100_4_L_1.jpg,0,1,0
None_20230710105100_4_R_1.jpg,0,1,0
None_20230710105111_0_L_1.jpg,0,1,0
None_20230710105111_0_R_1.jpg,0,1,0
None_20230710105111_1_L_1.jpg,0,1,0
None_20230710105111_1_R_1.jpg,0,1,0
None_20230710105111_2_L_1.jpg,0,1,0
None_20230710105111_2_R_1.jpg,0,1,0
None_20230710105111_3_L_1.jpg,0,1,0
None_20230710105111_3_R_1.jpg,0,1,0
None_20230710105111_4_L_1.jpg,0,1,0
None_20230710105111_4_R_1.jpg,0,1,0
None_20230710105124_0_L_1.jpg,0,1,0
None_20230710105124_0_R_1.jpg,0,1,0
None_20230710105124_1_L_1.jpg,0,1,0
None_20230710105124_1_R_1.jpg,0,1,0
None_20230710105124_2_L_1.jpg,0,1,0
None_20230710105124_2_R_1.jpg,0,1,0
None_20230710105124_3_L_1.jpg,0,1,0
None_20230710105124_4_R_1.jpg,0,1,0
None_20230710105137_0_R_1.jpg,0,1,0
None_20230710105137_1_R_1.jpg,0,1,0
None_20230710105137_3_R_1.jpg,0,1,0
None_20230710105324_0_L_1.jpg,0,1,0
None_20230710105324_1_L_1.jpg,0,1,0
None_20230710105324_2_L_1.jpg,0,1,0
None_20230710105324_3_L_1.jpg,0,1,0
None_20230710105324_4_L_1.jpg,0,1,0
None_20230710105337_0_L_1.jpg,0,1,0
None_20230710105337_0_R_1.jpg,0,1,0
None_20230710105337_1_L_1.jpg,0,1,0
None_20230710105337_1_R_1.jpg,0,1,0
None_20230710105337_2_L_1.jpg,0,1,0
None_20230710105337_2_R_1.jpg,0,1,0
None_20230710105337_3_L_1.jpg,0,1,0
None_20230710105337_4_L_1.jpg,0,1,0
None_20230710105337_4_R_1.jpg,0,1,0
None_20230710105349_0_L_1.jpg,0,1,0
None_20230710105349_0_R_1.jpg,0,1,0
None_20230710105349_1_L_1.jpg,0,1,0
None_20230710105349_1_R_1.jpg,0,1,0
None_20230710105349_2_L_1.jpg,0,1,0
None_20230710105403_1_L_1.jpg,0,1,0
None_20230710105403_1_R_1.jpg,0,1,0
None_20230710105403_2_L_1.jpg,0,1,0
None_20230710105403_2_R_1.jpg,0,1,0
None_20230710105403_3_L_1.jpg,0,1,0
None_20230710105641_1_L_1.jpg,0,1,0
None_20230710105641_1_R_1.jpg,0,1,0
None_20230710105641_2_L_1.jpg,0,1,0
None_20230710105641_2_R_1.jpg,0,1,0
None_20230710105641_3_L_1.jpg,0,1,0
None_20230710105641_3_R_1.jpg,0,1,0
None_20230710105641_4_R_1.jpg,0,1,0
None_20230710105653_0_R_1.jpg,0,1,0
None_20230710105653_1_R_1.jpg,0,1,0
None_20230710105653_2_L_1.jpg,0,1,0
None_20230710105653_2_R_1.jpg,0,1,0
None_20230710105653_3_L_1.jpg,0,1,0
None_20230710105653_4_L_1.jpg,0,1,0
None_20230710105653_4_R_1.jpg,0,1,0
None_20230710105704_0_L_1.jpg,0,1,0
None_20230710105704_0_R_1.jpg,0,1,0
None_20230710105704_1_R_1.jpg,0,1,0
None_20230710105704_2_L_1.jpg,0,1,0
None_20230710105704_2_R_1.jpg,0,1,0
None_20230710105704_3_L_1.jpg,0,1,0
None_20230710105704_3_R_1.jpg,0,1,0
None_20230710105704_4_L_1.jpg,0,1,0
None_20230710105704_4_R_1.jpg,0,1,0
None_20230710105717_0_L_1.jpg,0,1,0
None_20230710105717_0_R_1.jpg,0,1,0
None_20230710105717_1_L_1.jpg,0,1,0
None_20230710105717_1_R_1.jpg,0,1,0
None_20230710105717_2_L_1.jpg,0,1,0
None_20230710105717_2_R_1.jpg,0,1,0
None_20230710105717_3_L_1.jpg,0,1,0
None_20230710105717_4_L_1.jpg,0,1,0
None_20230710105717_4_R_1.jpg,0,1,0
None_20230710105730_0_R_1.jpg,0,1,0
None_20230710105730_1_R_1.jpg,0,1,0
None_20230710105730_2_R_1.jpg,0,1,0
None_20230710105730_3_R_1.jpg,0,1,0
None_20230710111026_0_L_1.jpg,0,1,0
None_20230710111026_2_L_1.jpg,0,1,0
None_20230710111026_4_L_1.jpg,0,1,0
None_20230710111037_0_L_1.jpg,0,1,0
None_20230710111037_0_R_1.jpg,0,1,0
None_20230710111037_1_L_1.jpg,0,1,0
None_20230710111037_1_R_1.jpg,0,1,0
None_20230710111037_2_L_1.jpg,0,1,0
None_20230710111037_2_R_1.jpg,0,1,0
None_20230710111037_3_L_1.jpg,0,1,0
None_20230710111037_3_R_1.jpg,0,1,0
None_20230710111037_4_L_1.jpg,0,1,0
None_20230710111037_4_R_1.jpg,0,1,0
None_20230710111050_0_R_1.jpg,0,1,0
None_20230710111050_1_L_1.jpg,0,1,0
None_20230710111050_2_L_1.jpg,0,1,0
None_20230710111050_2_R_1.jpg,0,1,0
None_20230710111050_3_L_1.jpg,0,1,0
None_20230710111050_3_R_1.jpg,0,1,0
None_20230710111050_4_L_1.jpg,0,1,0
None_20230710111050_4_R_1.jpg,0,1,0
None_20230710111103_0_L_1.jpg,0,1,0
None_20230710111103_0_R_1.jpg,0,1,0
None_20230710111103_1_L_1.jpg,0,1,0
None_20230710111103_1_R_1.jpg,0,1,0
None_20230710111103_2_L_1.jpg,0,1,0
None_20230710111103_2_R_1.jpg,0,1,0
None_20230710111103_3_R_1.jpg,0,1,0
None_20230710111103_4_L_1.jpg,0,1,0
None_20230710111103_4_R_1.jpg,0,1,0
None_20230710111116_0_R_1.jpg,0,1,0
None_20230710111116_2_R_1.jpg,0,1,0
None_20230710111116_3_R_1.jpg,0,1,0
None_20230710111528_2_L_1.jpg,0,1,0
None_20230710111528_4_L_1.jpg,0,1,0
None_20230710111540_0_R_1.jpg,0,1,0
None_20230710111540_1_L_1.jpg,0,1,0
None_20230710111540_1_R_1.jpg,0,1,0
None_20230710111540_2_R_1.jpg,0,1,0
None_20230710111540_3_L_1.jpg,0,1,0
None_20230710111540_3_R_1.jpg,0,1,0
None_20230710111540_4_L_1.jpg,0,1,0
None_20230710111540_4_R_1.jpg,0,1,0
None_20230710111552_0_L_1.jpg,0,1,0
None_20230710111552_0_R_1.jpg,0,1,0
None_20230710111552_1_L_1.jpg,0,1,0
None_20230710111552_1_R_1.jpg,0,1,0
None_20230710111552_2_L_1.jpg,0,1,0
None_20230710111552_2_R_1.jpg,0,1,0
None_20230710111552_3_R_1.jpg,0,1,0
None_20230710111605_1_L_1.jpg,0,1,0
None_20230710111605_2_L_1.jpg,0,1,0
None_20230710111605_2_R_1.jpg,0,1,0
None_20230710111605_4_L_1.jpg,0,1,0
None_20230710111620_0_R_1.jpg,0,1,0
None_20230710111620_1_R_1.jpg,0,1,0
None_20230710111620_2_R_1.jpg,0,1,0
None_20230710111620_3_R_1.jpg,0,1,0
None_20230710111620_4_R_1.jpg,0,1,0
None_20230710112044_0_L_1.jpg,0,1,0
None_20230710112044_2_R_1.jpg,0,1,0
None_20230710112044_3_L_1.jpg,0,1,0
None_20230710112044_4_L_1.jpg,0,1,0
None_20230710112044_4_R_1.jpg,0,1,0
None_20230710112056_0_L_1.jpg,0,1,0
None_20230710112056_0_R_1.jpg,0,1,0
None_20230710112056_1_R_1.jpg,0,1,0
None_20230710112056_2_L_1.jpg,0,1,0
None_20230710112056_3_L_1.jpg,0,1,0
None_20230710112056_3_R_1.jpg,0,1,0
None_20230710112056_4_L_1.jpg,0,1,0
None_20230710112056_4_R_1.jpg,0,1,0
None_20230710112108_0_R_1.jpg,0,1,0
None_20230710112108_1_R_1.jpg,0,1,0
None_20230710112108_2_R_1.jpg,0,1,0
None_20230710112108_3_R_1.jpg,0,1,0
None_20230710112108_4_L_1.jpg,0,1,0
None_20230710112108_4_R_1.jpg,0,1,0
None_20230710112124_0_L_1.jpg,0,1,0
None_20230710112124_0_R_1.jpg,0,1,0
None_20230710112124_1_L_1.jpg,0,1,0
None_20230710112124_2_L_1.jpg,0,1,0
None_20230710112124_3_L_1.jpg,0,1,0
None_20230710112124_3_R_1.jpg,0,1,0
None_20230710112124_4_L_1.jpg,0,1,0
None_20230710112124_4_R_1.jpg,0,1,0
None_20230710112136_0_R_1.jpg,0,1,0
None_20230710112136_1_R_1.jpg,0,1,0
None_20230710112136_2_R_1.jpg,0,1,0
None_20230710112246_1_R_1.jpg,0,1,0
None_20230710112246_2_R_1.jpg,0,1,0
None_20230710112246_3_R_1.jpg,0,1,0
None_20230710112246_4_R_1.jpg,0,1,0
None_20230710112257_1_L_1.jpg,0,1,0
None_20230710112257_2_R_1.jpg,0,1,0
None_20230710112257_3_L_1.jpg,0,1,0
None_20230710112257_4_L_1.jpg,0,1,0
None_20230710112257_4_R_1.jpg,0,1,0
None_20230710112402_0_L_1.jpg,0,1,0
None_20230710112402_0_R_1.jpg,0,1,0
None_20230710112402_1_L_1.jpg,0,1,0
None_20230710112402_1_R_1.jpg,0,1,0
None_20230710112402_2_L_1.jpg,0,1,0
None_20230710112402_4_R_1.jpg,0,1,0
None_20230710112413_0_L_1.jpg,0,1,0
None_20230710112413_0_R_1.jpg,0,1,0
None_20230710112413_1_L_1.jpg,0,1,0
None_20230710112413_1_R_1.jpg,0,1,0
None_20230710112413_2_L_1.jpg,0,1,0
None_20230710112413_2_R_1.jpg,0,1,0
None_20230710112450_0_R_1.jpg,0,1,0
None_20230710112450_1_R_1.jpg,0,1,0
None_20230710112450_2_L_1.jpg,0,1,0
None_20230710112450_2_R_1.jpg,0,1,0
None_20230710112450_3_R_1.jpg,0,1,0
None_20230710112450_4_R_1.jpg,0,1,0
None_20230710112501_0_L_1.jpg,0,1,0
None_20230710112501_0_R_1.jpg,0,1,0
None_20230710112501_1_L_1.jpg,0,1,0
None_20230710112501_2_L_1.jpg,0,1,0
None_20230710132412_1_L_1.jpg,0,1,0
None_20230710132412_1_R_1.jpg,0,1,0
None_20230710132412_2_L_1.jpg,0,1,0
None_20230710132412_2_R_1.jpg,0,1,0
None_20230710132412_3_L_1.jpg,0,1,0
None_20230710132412_3_R_1.jpg,0,1,0
None_20230710132412_4_L_1.jpg,0,1,0
None_20230710132426_0_R_1.jpg,0,1,0
None_20230710132426_1_R_1.jpg,0,1,0
None_20230710132426_3_R_1.jpg,0,1,0
None_20230710132426_4_R_1.jpg,0,1,0
None_20230710132546_0_L_1.jpg,0,1,0
None_20230710132546_1_L_1.jpg,0,1,0
None_20230710132546_2_L_1.jpg,0,1,0
None_20230710132546_3_L_1.jpg,0,1,0
None_20230710132546_4_L_1.jpg,0,1,0
None_20230710132557_0_R_1.jpg,0,1,0
None_20230710132557_1_L_1.jpg,0,1,0
None_20230710132557_1_R_1.jpg,0,1,0
None_20230710132557_2_L_1.jpg,0,1,0
None_20230710132557_2_R_1.jpg,0,1,0
None_20230710132557_3_L_1.jpg,0,1,0
None_20230710132557_3_R_1.jpg,0,1,0
None_20230710132557_4_L_1.jpg,0,1,0
None_20230710132557_4_R_1.jpg,0,1,0
None_20230710132610_0_L_1.jpg,0,1,0
None_20230710132610_0_R_1.jpg,0,1,0
None_20230710132610_1_L_1.jpg,0,1,0
None_20230710132610_1_R_1.jpg,0,1,0
None_20230710132610_2_R_1.jpg,0,1,0
None_20230710132610_3_L_1.jpg,0,1,0
None_20230710132610_3_R_1.jpg,0,1,0
None_20230710132610_4_R_1.jpg,0,1,0
None_20230710132623_0_L_1.jpg,0,1,0
None_20230710132623_0_R_1.jpg,0,1,0
None_20230710132623_1_L_1.jpg,0,1,0
None_20230710132623_2_L_1.jpg,0,1,0
None_20230710132623_2_R_1.jpg,0,1,0
None_20230710132623_3_L_1.jpg,0,1,0
None_20230710132623_3_R_1.jpg,0,1,0
None_20230710132623_4_L_1.jpg,0,1,0
None_20230710132636_0_R_1.jpg,0,1,0
None_20230710132636_1_R_1.jpg,0,1,0
None_20230710132636_4_R_1.jpg,0,1,0
None_20230710132801_1_L_1.jpg,0,1,0
None_20230710132801_2_L_1.jpg,0,1,0
None_20230710132801_3_L_1.jpg,0,1,0
None_20230710132801_4_L_1.jpg,0,1,0
None_20230710132812_0_R_1.jpg,0,1,0
None_20230710132812_1_L_1.jpg,0,1,0
None_20230710132812_2_R_1.jpg,0,1,0
None_20230710132812_3_R_1.jpg,0,1,0
None_20230710132825_0_L_1.jpg,0,1,0
None_20230710132825_0_R_1.jpg,0,1,0
None_20230710132825_1_L_1.jpg,0,1,0
None_20230710132825_1_R_1.jpg,0,1,0
None_20230710132825_2_L_1.jpg,0,1,0
None_20230710132825_2_R_1.jpg,0,1,0
None_20230710132825_3_L_1.jpg,0,1,0
None_20230710132825_3_R_1.jpg,0,1,0
None_20230710132825_4_L_1.jpg,0,1,0
None_20230710132825_4_R_1.jpg,0,1,0
None_20230710132838_0_L_1.jpg,0,1,0
None_20230710132838_0_R_1.jpg,0,1,0
None_20230710132838_1_L_1.jpg,0,1,0
None_20230710132838_1_R_1.jpg,0,1,0
None_20230710132838_2_L_1.jpg,0,1,0
None_20230710132838_2_R_1.jpg,0,1,0
None_20230710132838_3_L_1.jpg,0,1,0
None_20230710132838_3_R_1.jpg,0,1,0
None_20230710132838_4_R_1.jpg,0,1,0
None_20230710132851_0_R_1.jpg,0,1,0
None_20230710132851_1_R_1.jpg,0,1,0
None_20230710132851_2_R_1.jpg,0,1,0
None_20230710132851_4_R_1.jpg,0,1,0
None_20230710132959_0_L_1.jpg,0,1,0
None_20230710132959_1_L_1.jpg,0,1,0
None_20230710132959_2_L_1.jpg,0,1,0
None_20230710132959_3_L_1.jpg,0,1,0
None_20230710132959_4_L_1.jpg,0,1,0
None_20230710133012_0_L_1.jpg,0,1,0
None_20230710133012_0_R_1.jpg,0,1,0
None_20230710133012_1_L_1.jpg,0,1,0
None_20230710133012_2_R_1.jpg,0,1,0
None_20230710133012_3_L_1.jpg,0,1,0
None_20230710133012_3_R_1.jpg,0,1,0
None_20230710133012_4_L_1.jpg,0,1,0
None_20230710133012_4_R_1.jpg,0,1,0
None_20230710133040_0_L_1.jpg,0,1,0
None_20230710133040_0_R_1.jpg,0,1,0
None_20230710133040_1_L_1.jpg,0,1,0
None_20230710133040_1_R_1.jpg,0,1,0
None_20230710133040_2_L_1.jpg,0,1,0
None_20230710133040_2_R_1.jpg,0,1,0
None_20230710133040_3_R_1.jpg,0,1,0
None_20230710133040_4_L_1.jpg,0,1,0
None_20230710133040_4_R_1.jpg,0,1,0
None_20230710133052_0_L_1.jpg,0,1,0
None_20230710133052_0_R_1.jpg,0,1,0
None_20230710133052_1_L_1.jpg,0,1,0
None_20230710133052_1_R_1.jpg,0,1,0
None_20230710133052_2_R_1.jpg,0,1,0
None_20230710133052_4_L_1.jpg,0,1,0
None_20230710133052_4_R_1.jpg,0,1,0
None_20230710133103_0_R_1.jpg,0,1,0
None_20230710133103_2_R_1.jpg,0,1,0
None_20230710133103_3_R_1.jpg,0,1,0
None_20230710133103_4_R_1.jpg,0,1,0
None_20230710133246_0_L_1.jpg,0,1,0
None_20230710133246_1_L_1.jpg,0,1,0
None_20230710133246_4_L_1.jpg,0,1,0
None_20230710133258_0_L_1.jpg,0,1,0
None_20230710133258_1_L_1.jpg,0,1,0
None_20230710133258_1_R_1.jpg,0,1,0
None_20230710133258_3_L_1.jpg,0,1,0
None_20230710133258_3_R_1.jpg,0,1,0
None_20230710133258_4_L_1.jpg,0,1,0
None_20230710133258_4_R_1.jpg,0,1,0
None_20230710133310_0_L_1.jpg,0,1,0
None_20230710133310_0_R_1.jpg,0,1,0
None_20230710133310_1_R_1.jpg,0,1,0
None_20230710133310_2_L_1.jpg,0,1,0
None_20230710133310_2_R_1.jpg,0,1,0
None_20230710133310_3_R_1.jpg,0,1,0
None_20230710133310_4_L_1.jpg,0,1,0
None_20230710133310_4_R_1.jpg,0,1,0
None_20230710133322_2_L_1.jpg,0,1,0
None_20230710133322_2_R_1.jpg,0,1,0
None_20230710133322_3_R_1.jpg,0,1,0
None_20230710133322_4_L_1.jpg,0,1,0
None_20230710133322_4_R_1.jpg,0,1,0
None_20230710133338_0_R_1.jpg,0,1,0
None_20230710133338_1_R_1.jpg,0,1,0
None_20230710133338_2_R_1.jpg,0,1,0
None_20230710133338_4_R_1.jpg,0,1,0
None_20230710133542_0_L_1.jpg,0,1,0
None_20230710133542_1_L_1.jpg,0,1,0
None_20230710133542_3_L_1.jpg,0,1,0
None_20230710133542_4_L_1.jpg,0,1,0
None_20230710133554_0_L_1.jpg,0,1,0
None_20230710133554_0_R_1.jpg,0,1,0
None_20230710133554_1_L_1.jpg,0,1,0
None_20230710133554_1_R_1.jpg,0,1,0
None_20230710133554_2_R_1.jpg,0,1,0
None_20230710133554_4_L_1.jpg,0,1,0
None_20230710133554_4_R_1.jpg,0,1,0
None_20230710133606_0_L_1.jpg,0,1,0
None_20230710133606_1_L_1.jpg,0,1,0
None_20230710133606_1_R_1.jpg,0,1,0
None_20230710133606_3_L_1.jpg,0,1,0
None_20230710133606_3_R_1.jpg,0,1,0
None_20230710133606_4_L_1.jpg,0,1,0
None_20230710133622_0_L_1.jpg,0,1,0
None_20230710133622_0_R_1.jpg,0,1,0
None_20230710133622_1_L_1.jpg,0,1,0
None_20230710133622_1_R_1.jpg,0,1,0
None_20230710133622_2_L_1.jpg,0,1,0
None_20230710133622_2_R_1.jpg,0,1,0
None_20230710133622_3_L_1.jpg,0,1,0
None_20230710133622_4_L_1.jpg,0,1,0
None_20230710133634_0_R_1.jpg,0,1,0
None_20230710133634_2_R_1.jpg,0,1,0
None_20230710133634_3_R_1.jpg,0,1,0
None_20230710133634_4_R_1.jpg,0,1,0
None_20230710133747_0_L_1.jpg,0,1,0
None_20230710133747_1_L_1.jpg,0,1,0
None_20230710133747_2_L_1.jpg,0,1,0
None_20230710133747_3_L_1.jpg,0,1,0
None_20230710133747_4_L_1.jpg,0,1,0
None_20230710133800_0_R_1.jpg,0,1,0
None_20230710133800_1_L_1.jpg,0,1,0
None_20230710133800_2_R_1.jpg,0,1,0
None_20230710133800_3_R_1.jpg,0,1,0
None_20230710133800_4_L_1.jpg,0,1,0
None_20230710133800_4_R_1.jpg,0,1,0
None_20230710133812_1_L_1.jpg,0,1,0
None_20230710133812_1_R_1.jpg,0,1,0
None_20230710133812_2_L_1.jpg,0,1,0
None_20230710133812_2_R_1.jpg,0,1,0
None_20230710133812_4_R_1.jpg,0,1,0
None_20230710133824_0_L_1.jpg,0,1,0
None_20230710133824_1_R_1.jpg,0,1,0
None_20230710133824_2_L_1.jpg,0,1,0
None_20230710133824_2_R_1.jpg,0,1,0
None_20230710133824_3_L_1.jpg,0,1,0
None_20230710133824_3_R_1.jpg,0,1,0
None_20230710133824_4_L_1.jpg,0,1,0
None_20230710133837_2_R_1.jpg,0,1,0
None_20230710133837_3_R_1.jpg,0,1,0
None_20230710133837_4_R_1.jpg,0,1,0
None_20230710134034_1_L_1.jpg,0,1,0
None_20230710134034_2_L_1.jpg,0,1,0
None_20230710134034_3_L_1.jpg,0,1,0
None_20230710134034_4_L_1.jpg,0,1,0
None_20230710134046_0_L_1.jpg,0,1,0
None_20230710134046_0_R_1.jpg,0,1,0
None_20230710134046_1_L_1.jpg,0,1,0
None_20230710134046_1_R_1.jpg,0,1,0
None_20230710134046_2_L_1.jpg,0,1,0
None_20230710134046_2_R_1.jpg,0,1,0
None_20230710134046_3_L_1.jpg,0,1,0
None_20230710134046_3_R_1.jpg,0,1,0
None_20230710134046_4_L_1.jpg,0,1,0
None_20230710134046_4_R_1.jpg,0,1,0
None_20230710134058_0_L_1.jpg,0,1,0
None_20230710134058_0_R_1.jpg,0,1,0
None_20230710134058_1_R_1.jpg,0,1,0
None_20230710134058_2_L_1.jpg,0,1,0
None_20230710134058_2_R_1.jpg,0,1,0
None_20230710134058_3_L_1.jpg,0,1,0
None_20230710134058_3_R_1.jpg,0,1,0
None_20230710134058_4_L_1.jpg,0,1,0
None_20230710134111_0_L_1.jpg,0,1,0
None_20230710134111_0_R_1.jpg,0,1,0
None_20230710134111_1_R_1.jpg,0,1,0
None_20230710134111_2_L_1.jpg,0,1,0
None_20230710134111_2_R_1.jpg,0,1,0
None_20230710134111_3_L_1.jpg,0,1,0
None_20230710134111_3_R_1.jpg,0,1,0
None_20230710134111_4_L_1.jpg,0,1,0
None_20230710134111_4_R_1.jpg,0,1,0
None_20230710134124_0_R_1.jpg,0,1,0
None_20230710134124_1_R_1.jpg,0,1,0
None_20230710134124_2_R_1.jpg,0,1,0
None_20230710134124_3_R_1.jpg,0,1,0
None_20230710134124_4_R_1.jpg,0,1,0
None_20230710134444_0_L_1.jpg,0,1,0
None_20230710134444_2_L_1.jpg,0,1,0
None_20230710134444_3_L_1.jpg,0,1,0
None_20230710134444_4_L_1.jpg,0,1,0
None_20230710134456_0_R_1.jpg,0,1,0
None_20230710134456_1_R_1.jpg,0,1,0
None_20230710134456_2_L_1.jpg,0,1,0
None_20230710134456_2_R_1.jpg,0,1,0
None_20230710134456_3_L_1.jpg,0,1,0
None_20230710134456_3_R_1.jpg,0,1,0
None_20230710134456_4_L_1.jpg,0,1,0
None_20230710134456_4_R_1.jpg,0,1,0
None_20230710134537_0_L_1.jpg,0,1,0
None_20230710134537_1_L_1.jpg,0,1,0
None_20230710134537_1_R_1.jpg,0,1,0
None_20230710134537_2_L_1.jpg,0,1,0
None_20230710134537_2_R_1.jpg,0,1,0
None_20230710134537_3_L_1.jpg,0,1,0
None_20230710134537_3_R_1.jpg,0,1,0
None_20230710134537_4_L_1.jpg,0,1,0
None_20230710134537_4_R_1.jpg,0,1,0
None_20230710134559_0_R_1.jpg,0,1,0
None_20230710134559_1_L_1.jpg,0,1,0
None_20230710134559_1_R_1.jpg,0,1,0
None_20230710134559_2_L_1.jpg,0,1,0
None_20230710134559_3_L_1.jpg,0,1,0
None_20230710134559_3_R_1.jpg,0,1,0
None_20230710134613_3_R_1.jpg,0,1,0
None_20230710134733_1_L_1.jpg,0,1,0
None_20230710134733_2_L_1.jpg,0,1,0
None_20230710134733_4_L_1.jpg,0,1,0
None_20230710134744_0_L_1.jpg,0,1,0
None_20230710134744_1_L_1.jpg,0,1,0
None_20230710134744_1_R_1.jpg,0,1,0
None_20230710134744_2_L_1.jpg,0,1,0
None_20230710134744_2_R_1.jpg,0,1,0
None_20230710134744_3_R_1.jpg,0,1,0
None_20230710134744_4_L_1.jpg,0,1,0
None_20230710134744_4_R_1.jpg,0,1,0
None_20230710134757_0_L_1.jpg,0,1,0
None_20230710134757_1_R_1.jpg,0,1,0
None_20230710134757_2_L_1.jpg,0,1,0
None_20230710134757_2_R_1.jpg,0,1,0
None_20230710134757_3_L_1.jpg,0,1,0
None_20230710134757_3_R_1.jpg,0,1,0
None_20230710134757_4_L_1.jpg,0,1,0
None_20230710134810_0_L_1.jpg,0,1,0
None_20230710134810_0_R_1.jpg,0,1,0
None_20230710134810_1_L_1.jpg,0,1,0
None_20230710134810_1_R_1.jpg,0,1,0
None_20230710134810_2_L_1.jpg,0,1,0
None_20230710134810_2_R_1.jpg,0,1,0
None_20230710134810_3_L_1.jpg,0,1,0
None_20230710134810_3_R_1.jpg,0,1,0
None_20230710134810_4_R_1.jpg,0,1,0
None_20230710134824_0_R_1.jpg,0,1,0
None_20230710134824_1_R_1.jpg,0,1,0
None_20230710134824_2_R_1.jpg,0,1,0
None_20230710134824_3_R_1.jpg,0,1,0
None_20230710134824_4_R_1.jpg,0,1,0
None_20230710135005_0_L_1.jpg,0,1,0
None_20230710135017_0_R_1.jpg,0,1,0
None_20230710135017_1_L_1.jpg,0,1,0
None_20230710135017_2_L_1.jpg,0,1,0
None_20230710135017_4_R_1.jpg,0,1,0
None_20230710135029_0_L_1.jpg,0,1,0
None_20230710135029_0_R_1.jpg,0,1,0
None_20230710135029_1_L_1.jpg,0,1,0
None_20230710135029_2_L_1.jpg,0,1,0
None_20230710135029_3_R_1.jpg,0,1,0
None_20230710135029_4_L_1.jpg,0,1,0
None_20230710135029_4_R_1.jpg,0,1,0
None_20230710135045_0_L_1.jpg,0,1,0
None_20230710135045_0_R_1.jpg,0,1,0
None_20230710135045_1_L_1.jpg,0,1,0
None_20230710135045_2_L_1.jpg,0,1,0
None_20230710135045_3_L_1.jpg,0,1,0
None_20230710135045_3_R_1.jpg,0,1,0
None_20230710135045_4_L_1.jpg,0,1,0
None_20230710135045_4_R_1.jpg,0,1,0
None_20230710135056_0_R_1.jpg,0,1,0
None_20230710135056_3_R_1.jpg,0,1,0
None_20230710135056_4_R_1.jpg,0,1,0
None_20230710135513_0_L_1.jpg,0,1,0
None_20230710135513_2_L_1.jpg,0,1,0
None_20230710135513_3_L_1.jpg,0,1,0
None_20230710135513_4_L_1.jpg,0,1,0
None_20230710135524_0_R_1.jpg,0,1,0
None_20230710135524_2_L_1.jpg,0,1,0
None_20230710135524_3_L_1.jpg,0,1,0
None_20230710135524_3_R_1.jpg,0,1,0
None_20230710135524_4_L_1.jpg,0,1,0
None_20230710135524_4_R_1.jpg,0,1,0
None_20230710135536_0_L_1.jpg,0,1,0
None_20230710135536_0_R_1.jpg,0,1,0
None_20230710135536_1_L_1.jpg,0,1,0
None_20230710135536_2_L_1.jpg,0,1,0
None_20230710135536_3_L_1.jpg,0,1,0
None_20230710135536_3_R_1.jpg,0,1,0
None_20230710135536_4_L_1.jpg,0,1,0
None_20230710135536_4_R_1.jpg,0,1,0
None_20230710135550_0_L_1.jpg,0,1,0
None_20230710135550_0_R_1.jpg,0,1,0
None_20230710135550_1_L_1.jpg,0,1,0
None_20230710135550_1_R_1.jpg,0,1,0
None_20230710135550_2_L_1.jpg,0,1,0
None_20230710135550_2_R_1.jpg,0,1,0
None_20230710135550_3_L_1.jpg,0,1,0
None_20230710135550_4_L_1.jpg,0,1,0
None_20230710135550_4_R_1.jpg,0,1,0
None_20230710135603_0_R_1.jpg,0,1,0
None_20230710135603_2_R_1.jpg,0,1,0
None_20230710140051_1_L_1.jpg,0,1,0
None_20230710140051_2_L_1.jpg,0,1,0
None_20230710140051_4_L_1.jpg,0,1,0
None_20230710140101_1_L_1.jpg,0,1,0
None_20230710140101_1_R_1.jpg,0,1,0
None_20230710140101_3_L_1.jpg,0,1,0
None_20230710140101_4_R_1.jpg,0,1,0
None_20230710140115_0_R_1.jpg,0,1,0
None_20230710140115_1_L_1.jpg,0,1,0
None_20230710140115_3_L_1.jpg,0,1,0
None_20230710140115_3_R_1.jpg,0,1,0
None_20230710140115_4_L_1.jpg,0,1,0
None_20230710140115_4_R_1.jpg,0,1,0
None_20230710140129_0_L_1.jpg,0,1,0
None_20230710140129_1_R_1.jpg,0,1,0
None_20230710140129_2_L_1.jpg,0,1,0
None_20230710140129_2_R_1.jpg,0,1,0
None_20230710140129_3_L_1.jpg,0,1,0
None_20230710140129_3_R_1.jpg,0,1,0
None_20230710140129_4_L_1.jpg,0,1,0
None_20230710140129_4_R_1.jpg,0,1,0
None_20230710140141_0_R_1.jpg,0,1,0
None_20230710140141_3_R_1.jpg,0,1,0
None_20230710140141_4_R_1.jpg,0,1,0
None_20230710140311_0_L_1.jpg,0,1,0
None_20230710140311_2_L_1.jpg,0,1,0
None_20230710140311_3_L_1.jpg,0,1,0
None_20230710140311_4_L_1.jpg,0,1,0
None_20230710140322_0_R_1.jpg,0,1,0
None_20230710140322_2_L_1.jpg,0,1,0
None_20230710140322_3_R_1.jpg,0,1,0
None_20230710140322_4_R_1.jpg,0,1,0
None_20230710140335_0_L_1.jpg,0,1,0
None_20230710140335_0_R_1.jpg,0,1,0
None_20230710140335_1_R_1.jpg,0,1,0
None_20230710140335_2_L_1.jpg,0,1,0
None_20230710140335_2_R_1.jpg,0,1,0
None_20230710140335_3_L_1.jpg,0,1,0
None_20230710140335_4_L_1.jpg,0,1,0
None_20230710140348_0_R_1.jpg,0,1,0
None_20230710140348_1_L_1.jpg,0,1,0
None_20230710140348_1_R_1.jpg,0,1,0
None_20230710140348_2_L_1.jpg,0,1,0
None_20230710140348_3_L_1.jpg,0,1,0
None_20230710140348_4_R_1.jpg,0,1,0
None_20230710140401_1_R_1.jpg,0,1,0
None_20230710140401_2_R_1.jpg,0,1,0
None_20230710140401_3_R_1.jpg,0,1,0
None_20230710140401_4_R_1.jpg,0,1,0
None_20230710140553_0_L_1.jpg,0,1,0
None_20230710140553_1_L_1.jpg,0,1,0
None_20230710140553_2_L_1.jpg,0,1,0
None_20230710140553_3_L_1.jpg,0,1,0
None_20230710140553_4_L_1.jpg,0,1,0
None_20230710140606_0_L_1.jpg,0,1,0
None_20230710140606_1_L_1.jpg,0,1,0
None_20230710140606_1_R_1.jpg,0,1,0
None_20230710140606_2_L_1.jpg,0,1,0
None_20230710140606_2_R_1.jpg,0,1,0
None_20230710140606_4_L_1.jpg,0,1,0
None_20230710140618_0_R_1.jpg,0,1,0
None_20230710140618_1_L_1.jpg,0,1,0
None_20230710140618_1_R_1.jpg,0,1,0
None_20230710140618_2_L_1.jpg,0,1,0
None_20230710140618_2_R_1.jpg,0,1,0
None_20230710140618_3_L_1.jpg,0,1,0
None_20230710140618_3_R_1.jpg,0,1,0
None_20230710140618_4_L_1.jpg,0,1,0
None_20230710140618_4_R_1.jpg,0,1,0
None_20230710140632_0_L_1.jpg,0,1,0
None_20230710140632_0_R_1.jpg,0,1,0
None_20230710140632_1_L_1.jpg,0,1,0
None_20230710140632_1_R_1.jpg,0,1,0
None_20230710140632_2_R_1.jpg,0,1,0
None_20230710140632_3_L_1.jpg,0,1,0
None_20230710140632_4_L_1.jpg,0,1,0
None_20230710140632_4_R_1.jpg,0,1,0
None_20230710140644_1_R_1.jpg,0,1,0
None_20230710140644_2_R_1.jpg,0,1,0
None_20230710140956_0_L_1.jpg,0,1,0
None_20230710140956_1_L_1.jpg,0,1,0
None_20230710140956_2_L_1.jpg,0,1,0
None_20230710140956_3_L_1.jpg,0,1,0
None_20230710140956_4_L_1.jpg,0,1,0
None_20230710141007_0_L_1.jpg,0,1,0
None_20230710141007_1_L_1.jpg,0,1,0
None_20230710141007_2_L_1.jpg,0,1,0
None_20230710141007_2_R_1.jpg,0,1,0
None_20230710141007_3_L_1.jpg,0,1,0
None_20230710141007_4_L_1.jpg,0,1,0
None_20230710141007_4_R_1.jpg,0,1,0
None_20230710141020_0_L_1.jpg,0,1,0
None_20230710141020_0_R_1.jpg,0,1,0
None_20230710141020_1_L_1.jpg,0,1,0
None_20230710141020_1_R_1.jpg,0,1,0
None_20230710141020_3_L_1.jpg,0,1,0
None_20230710141032_0_L_1.jpg,0,1,0
None_20230710141032_0_R_1.jpg,0,1,0
None_20230710141032_1_R_1.jpg,0,1,0
None_20230710141032_2_L_1.jpg,0,1,0
None_20230710141032_3_L_1.jpg,0,1,0
None_20230710141032_3_R_1.jpg,0,1,0
None_20230710141032_4_L_1.jpg,0,1,0
None_20230710141032_4_R_1.jpg,0,1,0
None_20230710141047_0_R_1.jpg,0,1,0
None_20230710141047_1_R_1.jpg,0,1,0
None_20230710141047_3_R_1.jpg,0,1,0
None_20230710141201_0_L_1.jpg,0,1,0
None_20230710141201_1_L_1.jpg,0,1,0
None_20230710141201_2_L_1.jpg,0,1,0
None_20230710141201_3_L_1.jpg,0,1,0
None_20230710141201_4_L_1.jpg,0,1,0
None_20230710141212_0_L_1.jpg,0,1,0
None_20230710141212_0_R_1.jpg,0,1,0
None_20230710141212_1_R_1.jpg,0,1,0
None_20230710141212_2_R_1.jpg,0,1,0
None_20230710141212_3_R_1.jpg,0,1,0
None_20230710141212_4_L_1.jpg,0,1,0
None_20230710141212_4_R_1.jpg,0,1,0
None_20230710141225_0_R_1.jpg,0,1,0
None_20230710141225_1_R_1.jpg,0,1,0
None_20230710141225_2_L_1.jpg,0,1,0
None_20230710141225_3_L_1.jpg,0,1,0
None_20230710141225_4_L_1.jpg,0,1,0
None_20230710141225_4_R_1.jpg,0,1,0
None_20230710141238_0_L_1.jpg,0,1,0
None_20230710141238_0_R_1.jpg,0,1,0
None_20230710141238_1_L_1.jpg,0,1,0
None_20230710141238_1_R_1.jpg,0,1,0
None_20230710141238_2_R_1.jpg,0,1,0
None_20230710141238_3_L_1.jpg,0,1,0
None_20230710141238_3_R_1.jpg,0,1,0
None_20230710141238_4_R_1.jpg,0,1,0
None_20230710141252_0_R_1.jpg,0,1,0
None_20230710141252_1_R_1.jpg,0,1,0
None_20230710141252_2_R_1.jpg,0,1,0
None_20230710141252_4_R_1.jpg,0,1,0
None_20230710141427_0_L_1.jpg,0,1,0
None_20230710141427_2_L_1.jpg,0,1,0
None_20230710141427_3_L_1.jpg,0,1,0
None_20230710141427_4_L_1.jpg,0,1,0
None_20230710141439_0_L_1.jpg,0,1,0
None_20230710141439_0_R_1.jpg,0,1,0
None_20230710141439_1_L_1.jpg,0,1,0
None_20230710141439_1_R_1.jpg,0,1,0
None_20230710141439_2_L_1.jpg,0,1,0
None_20230710141439_3_L_1.jpg,0,1,0
None_20230710141439_3_R_1.jpg,0,1,0
None_20230710141451_0_L_1.jpg,0,1,0
None_20230710141451_1_R_1.jpg,0,1,0
None_20230710141451_2_L_1.jpg,0,1,0
None_20230710141451_2_R_1.jpg,0,1,0
None_20230710141451_3_L_1.jpg,0,1,0
None_20230710141451_4_L_1.jpg,0,1,0
None_20230710141504_0_L_1.jpg,0,1,0
None_20230710141504_0_R_1.jpg,0,1,0
None_20230710141504_1_L_1.jpg,0,1,0
None_20230710141504_1_R_1.jpg,0,1,0
None_20230710141504_2_L_1.jpg,0,1,0
None_20230710141504_2_R_1.jpg,0,1,0
None_20230710141504_3_L_1.jpg,0,1,0
None_20230710141504_3_R_1.jpg,0,1,0
None_20230710141504_4_R_1.jpg,0,1,0
None_20230710141519_3_R_1.jpg,0,1,0
None_20230710141634_1_L_1.jpg,0,1,0
None_20230710141634_2_L_1.jpg,0,1,0
None_20230710141634_3_L_1.jpg,0,1,0
None_20230710141645_0_L_1.jpg,0,1,0
None_20230710141645_0_R_1.jpg,0,1,0
None_20230710141645_1_L_1.jpg,0,1,0
None_20230710141645_1_R_1.jpg,0,1,0
None_20230710141645_2_L_1.jpg,0,1,0
None_20230710141645_2_R_1.jpg,0,1,0
None_20230710141645_3_L_1.jpg,0,1,0
None_20230710141645_3_R_1.jpg,0,1,0
None_20230710141645_4_L_1.jpg,0,1,0
None_20230710141645_4_R_1.jpg,0,1,0
None_20230710141658_0_L_1.jpg,0,1,0
None_20230710141658_0_R_1.jpg,0,1,0
None_20230710141658_1_L_1.jpg,0,1,0
None_20230710141658_1_R_1.jpg,0,1,0
None_20230710141658_2_L_1.jpg,0,1,0
None_20230710141658_2_R_1.jpg,0,1,0
None_20230710141658_3_L_1.jpg,0,1,0
None_20230710141658_4_L_1.jpg,0,1,0
None_20230710141658_4_R_1.jpg,0,1,0
None_20230710141711_0_L_1.jpg,0,1,0
None_20230710141711_0_R_1.jpg,0,1,0
None_20230710141711_2_L_1.jpg,0,1,0
None_20230710141711_3_R_1.jpg,0,1,0
None_20230710141711_4_L_1.jpg,0,1,0
None_20230710141711_4_R_1.jpg,0,1,0
None_20230710141725_0_R_1.jpg,0,1,0
None_20230710141725_2_R_1.jpg,0,1,0
None_20230710141725_3_R_1.jpg,0,1,0
None_20230710141914_0_L_1.jpg,0,1,0
None_20230710141914_1_L_1.jpg,0,1,0
None_20230710141914_2_L_1.jpg,0,1,0
None_20230710141914_4_L_1.jpg,0,1,0
None_20230710141925_0_L_1.jpg,0,1,0
None_20230710141925_1_R_1.jpg,0,1,0
None_20230710141925_2_L_1.jpg,0,1,0
None_20230710141925_2_R_1.jpg,0,1,0
None_20230710141925_4_L_1.jpg,0,1,0
None_20230710141925_4_R_1.jpg,0,1,0
None_20230710141938_0_L_1.jpg,0,1,0
None_20230710141938_1_L_1.jpg,0,1,0
None_20230710141938_2_L_1.jpg,0,1,0
None_20230710141938_3_L_1.jpg,0,1,0
None_20230710141938_4_L_1.jpg,0,1,0
None_20230710141938_4_R_1.jpg,0,1,0
None_20230710141951_0_L_1.jpg,0,1,0
None_20230710141951_0_R_1.jpg,0,1,0
None_20230710141951_1_L_1.jpg,0,1,0
None_20230710141951_1_R_1.jpg,0,1,0
None_20230710141951_2_L_1.jpg,0,1,0
None_20230710141951_2_R_1.jpg,0,1,0
None_20230710141951_3_L_1.jpg,0,1,0
None_20230710141951_3_R_1.jpg,0,1,0
None_20230710141951_4_L_1.jpg,0,1,0
None_20230710141951_4_R_1.jpg,0,1,0
None_20230710142005_0_R_1.jpg,0,1,0
None_20230710142005_2_R_1.jpg,0,1,0
None_20230710142005_3_R_1.jpg,0,1,0
None_20230710142005_4_R_1.jpg,0,1,0
None_20230710142126_0_L_1.jpg,0,1,0
None_20230710142126_1_L_1.jpg,0,1,0
None_20230710142126_2_L_1.jpg,0,1,0
None_20230710142126_3_L_1.jpg,0,1,0
None_20230710142137_0_L_1.jpg,0,1,0
None_20230710142137_0_R_1.jpg,0,1,0
None_20230710142137_1_R_1.jpg,0,1,0
None_20230710142137_2_L_1.jpg,0,1,0
None_20230710142137_3_L_1.jpg,0,1,0
None_20230710142137_4_L_1.jpg,0,1,0
None_20230710142137_4_R_1.jpg,0,1,0
None_20230710142150_0_L_1.jpg,0,1,0
None_20230710142150_0_R_1.jpg,0,1,0
None_20230710142150_2_R_1.jpg,0,1,0
None_20230710142150_3_L_1.jpg,0,1,0
None_20230710142150_3_R_1.jpg,0,1,0
None_20230710142150_4_L_1.jpg,0,1,0
None_20230710142150_4_R_1.jpg,0,1,0
None_20230710142206_0_L_1.jpg,0,1,0
None_20230710142206_1_R_1.jpg,0,1,0
None_20230710142206_2_L_1.jpg,0,1,0
None_20230710142206_3_L_1.jpg,0,1,0
None_20230710142218_0_R_1.jpg,0,1,0
None_20230710142218_1_R_1.jpg,0,1,0
None_20230710142218_2_R_1.jpg,0,1,0
None_20230710142323_0_L_1.jpg,0,1,0
None_20230710142323_1_L_1.jpg,0,1,0
None_20230710142323_2_L_1.jpg,0,1,0
None_20230710142323_3_L_1.jpg,0,1,0
None_20230710142323_4_L_1.jpg,0,1,0
None_20230710142334_0_L_1.jpg,0,1,0
None_20230710142334_0_R_1.jpg,0,1,0
None_20230710142334_1_L_1.jpg,0,1,0
None_20230710142334_1_R_1.jpg,0,1,0
None_20230710142334_2_L_1.jpg,0,1,0
None_20230710142334_3_L_1.jpg,0,1,0
None_20230710142334_4_L_1.jpg,0,1,0
None_20230710142334_4_R_1.jpg,0,1,0
None_20230710142347_0_L_1.jpg,0,1,0
None_20230710142347_0_R_1.jpg,0,1,0
None_20230710142347_1_L_1.jpg,0,1,0
None_20230710142347_1_R_1.jpg,0,1,0
None_20230710142347_2_L_1.jpg,0,1,0
None_20230710142347_2_R_1.jpg,0,1,0
None_20230710142347_3_L_1.jpg,0,1,0
None_20230710142347_3_R_1.jpg,0,1,0
None_20230710142347_4_L_1.jpg,0,1,0
None_20230710142347_4_R_1.jpg,0,1,0
None_20230710142401_0_L_1.jpg,0,1,0
None_20230710142401_0_R_1.jpg,0,1,0
None_20230710142401_1_R_1.jpg,0,1,0
None_20230710142401_2_L_1.jpg,0,1,0
None_20230710142401_2_R_1.jpg,0,1,0
None_20230710142401_3_L_1.jpg,0,1,0
None_20230710142401_3_R_1.jpg,0,1,0
None_20230710142401_4_L_1.jpg,0,1,0
None_20230710142401_4_R_1.jpg,0,1,0
None_20230710142429_0_R_1.jpg,0,1,0
None_20230710142429_2_R_1.jpg,0,1,0
None_20230710142429_3_R_1.jpg,0,1,0
None_20230710142429_4_R_1.jpg,0,1,0
None_20230710150340_0_L_1.jpg,0,1,0
None_20230710150340_2_L_1.jpg,0,1,0
None_20230710150340_3_L_1.jpg,0,1,0
None_20230710150353_0_L_1.jpg,0,1,0
None_20230710150353_0_R_1.jpg,0,1,0
None_20230710150353_1_L_1.jpg,0,1,0
None_20230710150353_1_R_1.jpg,0,1,0
None_20230710150353_2_L_1.jpg,0,1,0
None_20230710150353_2_R_1.jpg,0,1,0
None_20230710150353_3_L_1.jpg,0,1,0
None_20230710150353_3_R_1.jpg,0,1,0
None_20230710150353_4_L_1.jpg,0,1,0
None_20230710150353_4_R_1.jpg,0,1,0
None_20230710150406_0_R_1.jpg,0,1,0
None_20230710150406_1_L_1.jpg,0,1,0
None_20230710150406_1_R_1.jpg,0,1,0
None_20230710150406_2_L_1.jpg,0,1,0
None_20230710150406_4_R_1.jpg,0,1,0
None_20230710150419_0_R_1.jpg,0,1,0
None_20230710150419_1_R_1.jpg,0,1,0
None_20230710150419_2_R_1.jpg,0,1,0
None_20230710150419_3_R_1.jpg,0,1,0
None_20230710150419_4_R_1.jpg,0,1,0
None_20230710150701_0_L_1.jpg,0,1,0
None_20230710150701_2_L_1.jpg,0,1,0
None_20230710150701_3_L_1.jpg,0,1,0
None_20230710150701_4_L_1.jpg,0,1,0
None_20230710150712_0_R_1.jpg,0,1,0
None_20230710150712_1_L_1.jpg,0,1,0
None_20230710150712_1_R_1.jpg,0,1,0
None_20230710150712_2_R_1.jpg,0,1,0
None_20230710150712_3_L_1.jpg,0,1,0
None_20230710150712_3_R_1.jpg,0,1,0
None_20230710150712_4_L_1.jpg,0,1,0
None_20230710150712_4_R_1.jpg,0,1,0
None_20230710150725_0_R_1.jpg,0,1,0
None_20230710150725_1_L_1.jpg,0,1,0
None_20230710150725_2_L_1.jpg,0,1,0
None_20230710150725_2_R_1.jpg,0,1,0
None_20230710150725_3_L_1.jpg,0,1,0
None_20230710150725_4_R_1.jpg,0,1,0
None_20230710150738_0_R_1.jpg,0,1,0
None_20230710150738_1_R_1.jpg,0,1,0
None_20230710150738_2_R_1.jpg,0,1,0
None_20230710150738_3_R_1.jpg,0,1,0
None_20230710150738_4_R_1.jpg,0,1,0
None_20230710150823_0_L_1.jpg,0,1,0
None_20230710150823_1_L_1.jpg,0,1,0
None_20230710150823_2_L_1.jpg,0,1,0
None_20230710150823_3_L_1.jpg,0,1,0
None_20230710150836_0_L_1.jpg,0,1,0
None_20230710150836_0_R_1.jpg,0,1,0
None_20230710150836_1_L_1.jpg,0,1,0
None_20230710150836_2_R_1.jpg,0,1,0
None_20230710150836_3_R_1.jpg,0,1,0
None_20230710150836_4_L_1.jpg,0,1,0
None_20230710150836_4_R_1.jpg,0,1,0
None_20230710150848_0_L_1.jpg,0,1,0
None_20230710150848_0_R_1.jpg,0,1,0
None_20230710150848_1_R_1.jpg,0,1,0
None_20230710150848_2_L_1.jpg,0,1,0
None_20230710150848_3_R_1.jpg,0,1,0
None_20230710150848_4_L_1.jpg,0,1,0
None_20230710150848_4_R_1.jpg,0,1,0
None_20230710150902_0_R_1.jpg,0,1,0
None_20230710150902_1_R_1.jpg,0,1,0
None_20230710150902_2_R_1.jpg,0,1,0
None_20230710151329_0_L_1.jpg,0,1,0
None_20230710151329_2_L_1.jpg,0,1,0
None_20230710151329_3_L_1.jpg,0,1,0
None_20230710151329_4_L_1.jpg,0,1,0
None_20230710151338_1_L_1.jpg,0,1,0
None_20230710151338_1_R_1.jpg,0,1,0
None_20230710151338_2_R_1.jpg,0,1,0
None_20230710151338_3_L_1.jpg,0,1,0
None_20230710151338_4_L_1.jpg,0,1,0
None_20230710151350_0_L_1.jpg,0,1,0
None_20230710151350_0_R_1.jpg,0,1,0
None_20230710151350_1_L_1.jpg,0,1,0
None_20230710151350_1_R_1.jpg,0,1,0
None_20230710151350_2_L_1.jpg,0,1,0
None_20230710151350_3_L_1.jpg,0,1,0
None_20230710151350_4_L_1.jpg,0,1,0
None_20230710151350_4_R_1.jpg,0,1,0
None_20230710151402_0_R_1.jpg,0,1,0
None_20230710151402_2_R_1.jpg,0,1,0
None_20230710151542_1_L_1.jpg,0,1,0
None_20230710151542_2_L_1.jpg,0,1,0
None_20230710151542_3_L_1.jpg,0,1,0
None_20230710151553_0_L_1.jpg,0,1,0
None_20230710151553_0_R_1.jpg,0,1,0
None_20230710151553_1_L_1.jpg,0,1,0
None_20230710151553_2_L_1.jpg,0,1,0
None_20230710151553_2_R_1.jpg,0,1,0
None_20230710151553_3_L_1.jpg,0,1,0
None_20230710151553_3_R_1.jpg,0,1,0
None_20230710151553_4_L_1.jpg,0,1,0
None_20230710151553_4_R_1.jpg,0,1,0
None_20230710151606_0_L_1.jpg,0,1,0
None_20230710151606_0_R_1.jpg,0,1,0
None_20230710151606_1_R_1.jpg,0,1,0
None_20230710151606_2_L_1.jpg,0,1,0
None_20230710151606_2_R_1.jpg,0,1,0
None_20230710151606_3_L_1.jpg,0,1,0
None_20230710151606_3_R_1.jpg,0,1,0
None_20230710151606_4_L_1.jpg,0,1,0
None_20230710151606_4_R_1.jpg,0,1,0
None_20230710151622_0_R_1.jpg,0,1,0
None_20230710151622_1_R_1.jpg,0,1,0
None_20230710151622_2_R_1.jpg,0,1,0
None_20230710151727_0_L_1.jpg,0,1,0
None_20230710151727_1_L_1.jpg,0,1,0
None_20230710151727_2_L_1.jpg,0,1,0
None_20230710151727_3_L_1.jpg,0,1,0
None_20230710151727_4_L_1.jpg,0,1,0
None_20230710151737_0_L_1.jpg,0,1,0
None_20230710151737_0_R_1.jpg,0,1,0
None_20230710151737_1_L_1.jpg,0,1,0
None_20230710151737_1_R_1.jpg,0,1,0
None_20230710151737_2_R_1.jpg,0,1,0
None_20230710151737_3_L_1.jpg,0,1,0
None_20230710151737_3_R_1.jpg,0,1,0
None_20230710151737_4_L_1.jpg,0,1,0
None_20230710151737_4_R_1.jpg,0,1,0
None_20230710151748_0_R_1.jpg,0,1,0
None_20230710151748_1_R_1.jpg,0,1,0
None_20230710151748_3_L_1.jpg,0,1,0
None_20230710151748_3_R_1.jpg,0,1,0
None_20230710151748_4_R_1.jpg,0,1,0
None_20230710151801_2_R_1.jpg,0,1,0
None_20230710151816_0_R_1.jpg,0,1,0
None_20230710151816_2_R_1.jpg,0,1,0
None_20230710151816_4_R_1.jpg,0,1,0
None_20230710152015_0_L_1.jpg,0,1,0
None_20230710152015_2_L_1.jpg,0,1,0
None_20230710152015_3_L_1.jpg,0,1,0
None_20230710152015_4_L_1.jpg,0,1,0
None_20230710152026_0_L_1.jpg,0,1,0
None_20230710152026_0_R_1.jpg,0,1,0
None_20230710152026_1_L_1.jpg,0,1,0
None_20230710152026_1_R_1.jpg,0,1,0
None_20230710152026_2_L_1.jpg,0,1,0
None_20230710152026_2_R_1.jpg,0,1,0
None_20230710152026_3_L_1.jpg,0,1,0
None_20230710152026_4_R_1.jpg,0,1,0
None_20230710152040_0_L_1.jpg,0,1,0
None_20230710152040_1_L_1.jpg,0,1,0
None_20230710152040_1_R_1.jpg,0,1,0
None_20230710152040_2_R_1.jpg,0,1,0
None_20230710152040_4_L_1.jpg,0,1,0
None_20230710152040_4_R_1.jpg,0,1,0
None_20230710152052_0_R_1.jpg,0,1,0
None_20230710152052_2_R_1.jpg,0,1,0
None_20230710152052_3_R_1.jpg,0,1,0
None_20230710152450_3_L_1.jpg,0,1,0
None_20230710152450_4_L_1.jpg,0,1,0
None_20230710152501_0_L_1.jpg,0,1,0
None_20230710152501_1_L_1.jpg,0,1,0
None_20230710152501_1_R_1.jpg,0,1,0
None_20230710152501_2_L_1.jpg,0,1,0
None_20230710152501_2_R_1.jpg,0,1,0
None_20230710152501_3_L_1.jpg,0,1,0
None_20230710152501_4_L_1.jpg,0,1,0
None_20230710152501_4_R_1.jpg,0,1,0
None_20230710152514_0_L_1.jpg,0,1,0
None_20230710152514_0_R_1.jpg,0,1,0
None_20230710152514_1_R_1.jpg,0,1,0
None_20230710152514_2_R_1.jpg,0,1,0
None_20230710152514_3_L_1.jpg,0,1,0
None_20230710152514_3_R_1.jpg,0,1,0
None_20230710152514_4_L_1.jpg,0,1,0
None_20230710152514_4_R_1.jpg,0,1,0
None_20230710152527_0_R_1.jpg,0,1,0
None_20230710152527_1_R_1.jpg,0,1,0
None_20230710152527_2_R_1.jpg,0,1,0
None_20230710152626_2_L_1.jpg,0,1,0
None_20230710152626_3_L_1.jpg,0,1,0
None_20230710152626_4_L_1.jpg,0,1,0
None_20230710152637_0_R_1.jpg,0,1,0
None_20230710152637_1_L_1.jpg,0,1,0
None_20230710152637_1_R_1.jpg,0,1,0
None_20230710152637_2_L_1.jpg,0,1,0
None_20230710152637_2_R_1.jpg,0,1,0
None_20230710152637_3_L_1.jpg,0,1,0
None_20230710152637_4_L_1.jpg,0,1,0
None_20230710152650_0_R_1.jpg,0,1,0
None_20230710152650_1_R_1.jpg,0,1,0
None_20230710152650_2_L_1.jpg,0,1,0
None_20230710152650_2_R_1.jpg,0,1,0
None_20230710152650_3_L_1.jpg,0,1,0
None_20230710152650_3_R_1.jpg,0,1,0
None_20230710152650_4_L_1.jpg,0,1,0
None_20230710152650_4_R_1.jpg,0,1,0
None_20230710152703_0_R_1.jpg,0,1,0
None_20230710152703_1_R_1.jpg,0,1,0
None_20230710152703_2_R_1.jpg,0,1,0
None_20230710152703_4_R_1.jpg,0,1,0
None_20230710154220_2_L_1.jpg,0,1,0
None_20230710154220_3_L_1.jpg,0,1,0
None_20230710154220_4_L_1.jpg,0,1,0
None_20230710154231_0_L_1.jpg,0,1,0
None_20230710154231_1_L_1.jpg,0,1,0
None_20230710154231_2_L_1.jpg,0,1,0
None_20230710154231_2_R_1.jpg,0,1,0
None_20230710154231_3_L_1.jpg,0,1,0
None_20230710154231_4_L_1.jpg,0,1,0
None_20230710154231_4_R_1.jpg,0,1,0
None_20230710154244_0_R_1.jpg,0,1,0
None_20230710154244_1_L_1.jpg,0,1,0
None_20230710154244_1_R_1.jpg,0,1,0
None_20230710154244_2_L_1.jpg,0,1,0
None_20230710154244_2_R_1.jpg,0,1,0
None_20230710154244_3_L_1.jpg,0,1,0
None_20230710154244_3_R_1.jpg,0,1,0
None_20230710154244_4_L_1.jpg,0,1,0
None_20230710154244_4_R_1.jpg,0,1,0
None_20230710154257_1_R_1.jpg,0,1,0
None_20230710154257_2_R_1.jpg,0,1,0
None_20230710154257_3_R_1.jpg,0,1,0
None_20230710154407_0_L_1.jpg,0,1,0
None_20230710154407_1_L_1.jpg,0,1,0
None_20230710154407_2_L_1.jpg,0,1,0
None_20230710154407_3_L_1.jpg,0,1,0
None_20230710154407_4_L_1.jpg,0,1,0
None_20230710154419_0_L_1.jpg,0,1,0
None_20230710154419_0_R_1.jpg,0,1,0
None_20230710154419_1_L_1.jpg,0,1,0
None_20230710154419_1_R_1.jpg,0,1,0
None_20230710154419_2_R_1.jpg,0,1,0
None_20230710154419_3_L_1.jpg,0,1,0
None_20230710154419_3_R_1.jpg,0,1,0
None_20230710154419_4_L_1.jpg,0,1,0
None_20230710154431_1_R_1.jpg,0,1,0
None_20230710154431_2_L_1.jpg,0,1,0
None_20230710154431_2_R_1.jpg,0,1,0
None_20230710154431_3_L_1.jpg,0,1,0
None_20230710154431_4_L_1.jpg,0,1,0
None_20230710154444_1_R_1.jpg,0,1,0
None_20230710154444_2_L_1.jpg,0,1,0
None_20230710154444_2_R_1.jpg,0,1,0
None_20230710154521_2_L_1.jpg,0,1,0
None_20230710154531_0_L_1.jpg,0,1,0
None_20230710154531_1_L_1.jpg,0,1,0
None_20230710154531_2_L_1.jpg,0,1,0
None_20230710154541_0_L_1.jpg,0,1,0
None_20230710154541_0_R_1.jpg,0,1,0
None_20230710154541_1_R_1.jpg,0,1,0
None_20230710154541_2_L_1.jpg,0,1,0
None_20230710154541_3_L_1.jpg,0,1,0
None_20230710154541_3_R_1.jpg,0,1,0
None_20230710154541_4_L_1.jpg,0,1,0
None_20230710154541_4_R_1.jpg,0,1,0
None_20230710154554_0_R_1.jpg,0,1,0
None_20230710154554_1_R_1.jpg,0,1,0
None_20230710154554_2_L_1.jpg,0,1,0
None_20230710154554_2_R_1.jpg,0,1,0
None_20230710154554_3_L_1.jpg,0,1,0
None_20230710154554_3_R_1.jpg,0,1,0
None_20230710154554_4_L_1.jpg,0,1,0
None_20230710154554_4_R_1.jpg,0,1,0
None_20230710154608_2_R_1.jpg,0,1,0
None_20230710154652_1_L_1.jpg,0,1,0
None_20230710154652_2_L_1.jpg,0,1,0
None_20230710154652_3_L_1.jpg,0,1,0
None_20230710154652_4_L_1.jpg,0,1,0
None_20230710154703_0_L_1.jpg,0,1,0
None_20230710154703_0_R_1.jpg,0,1,0
None_20230710154703_1_L_1.jpg,0,1,0
None_20230710154703_1_R_1.jpg,0,1,0
None_20230710154703_2_L_1.jpg,0,1,0
None_20230710154703_2_R_1.jpg,0,1,0
None_20230710154703_3_R_1.jpg,0,1,0
None_20230710154703_4_L_1.jpg,0,1,0
None_20230710154703_4_R_1.jpg,0,1,0
None_20230710154716_0_R_1.jpg,0,1,0
None_20230710154716_1_R_1.jpg,0,1,0
None_20230710154716_2_L_1.jpg,0,1,0
None_20230710154716_2_R_1.jpg,0,1,0
None_20230710154716_3_L_1.jpg,0,1,0
None_20230710154716_3_R_1.jpg,0,1,0
None_20230710154716_4_L_1.jpg,0,1,0
None_20230710154716_4_R_1.jpg,0,1,0
None_20230710154732_0_R_1.jpg,0,1,0
None_20230710154732_1_R_1.jpg,0,1,0
None_20230710154732_2_R_1.jpg,0,1,0
None_20230710154824_0_L_1.jpg,0,1,0
None_20230710154824_1_L_1.jpg,0,1,0
None_20230710154824_3_L_1.jpg,0,1,0
None_20230710154835_0_L_1.jpg,0,1,0
None_20230710154835_0_R_1.jpg,0,1,0
None_20230710154835_1_R_1.jpg,0,1,0
None_20230710154835_3_L_1.jpg,0,1,0
None_20230710154835_3_R_1.jpg,0,1,0
None_20230710154848_0_R_1.jpg,0,1,0
None_20230710154848_1_R_1.jpg,0,1,0
None_20230710154848_2_L_1.jpg,0,1,0
None_20230710154848_3_R_1.jpg,0,1,0
None_20230710154848_4_L_1.jpg,0,1,0
None_20230710154848_4_R_1.jpg,0,1,0
None_20230710154901_1_R_1.jpg,0,1,0
None_20230710154901_2_R_1.jpg,0,1,0
None_20230710154901_4_R_1.jpg,0,1,0
None_20230710154950_0_L_1.jpg,0,1,0
None_20230710154950_2_L_1.jpg,0,1,0
None_20230710154950_3_L_1.jpg,0,1,0
None_20230710154950_4_L_1.jpg,0,1,0
None_20230710155003_0_L_1.jpg,0,1,0
None_20230710155003_0_R_1.jpg,0,1,0
None_20230710155003_1_L_1.jpg,0,1,0
None_20230710155003_1_R_1.jpg,0,1,0
None_20230710155003_2_L_1.jpg,0,1,0
None_20230710155003_3_L_1.jpg,0,1,0
None_20230710155003_3_R_1.jpg,0,1,0
None_20230710155015_0_R_1.jpg,0,1,0
None_20230710155015_1_R_1.jpg,0,1,0
None_20230710155015_2_L_1.jpg,0,1,0
None_20230710155015_3_L_1.jpg,0,1,0
None_20230710155015_3_R_1.jpg,0,1,0
None_20230710155015_4_L_1.jpg,0,1,0
None_20230710155015_4_R_1.jpg,0,1,0
None_20230710155028_1_R_1.jpg,0,1,0
None_20230710155142_0_L_1.jpg,0,1,0
None_20230710155142_1_L_1.jpg,0,1,0
None_20230710155142_2_L_1.jpg,0,1,0
None_20230710155142_3_L_1.jpg,0,1,0
None_20230710155142_4_L_1.jpg,0,1,0
None_20230710155153_0_L_1.jpg,0,1,0
None_20230710155153_0_R_1.jpg,0,1,0
None_20230710155153_1_L_1.jpg,0,1,0
None_20230710155153_2_R_1.jpg,0,1,0
None_20230710155153_3_R_1.jpg,0,1,0
None_20230710155153_4_R_1.jpg,0,1,0
None_20230710155206_0_R_1.jpg,0,1,0
None_20230710155206_1_R_1.jpg,0,1,0
None_20230710155206_2_L_1.jpg,0,1,0
None_20230710155206_2_R_1.jpg,0,1,0
None_20230710155206_3_L_1.jpg,0,1,0
None_20230710155206_3_R_1.jpg,0,1,0
None_20230710155206_4_L_1.jpg,0,1,0
None_20230710155219_0_R_1.jpg,0,1,0
None_20230710155219_1_R_1.jpg,0,1,0
None_20230710155335_0_L_1.jpg,0,1,0
None_20230710155335_2_L_1.jpg,0,1,0
None_20230710155335_3_L_1.jpg,0,1,0
None_20230710155335_4_L_1.jpg,0,1,0
None_20230710155346_0_L_1.jpg,0,1,0
None_20230710155346_0_R_1.jpg,0,1,0
None_20230710155346_1_L_1.jpg,0,1,0
None_20230710155346_1_R_1.jpg,0,1,0
None_20230710155346_2_L_1.jpg,0,1,0
None_20230710155346_2_R_1.jpg,0,1,0
None_20230710155346_3_L_1.jpg,0,1,0
None_20230710155346_3_R_1.jpg,0,1,0
None_20230710155400_1_R_1.jpg,0,1,0
None_20230710155400_2_L_1.jpg,0,1,0
None_20230710155400_2_R_1.jpg,0,1,0
None_20230710155400_4_L_1.jpg,0,1,0
None_20230710155400_4_R_1.jpg,0,1,0
None_20230710155412_0_R_1.jpg,0,1,0
None_20230710155412_2_R_1.jpg,0,1,0
None_20230710155537_0_L_1.jpg,0,1,0
None_20230710155537_1_L_1.jpg,0,1,0
None_20230710155537_2_L_1.jpg,0,1,0
None_20230710155537_3_L_1.jpg,0,1,0
None_20230710155548_0_L_1.jpg,0,1,0
None_20230710155548_0_R_1.jpg,0,1,0
None_20230710155548_1_L_1.jpg,0,1,0
None_20230710155548_1_R_1.jpg,0,1,0
None_20230710155548_2_L_1.jpg,0,1,0
None_20230710155548_2_R_1.jpg,0,1,0
None_20230710155548_4_L_1.jpg,0,1,0
None_20230710155548_4_R_1.jpg,0,1,0
None_20230710155601_0_L_1.jpg,0,1,0
None_20230710155601_3_L_1.jpg,0,1,0
None_20230710155601_4_L_1.jpg,0,1,0
None_20230710155615_0_R_1.jpg,0,1,0
None_20230710155615_2_R_1.jpg,0,1,0
None_20230710155615_3_R_1.jpg,0,1,0
None_20230710155702_0_L_1.jpg,0,1,0
None_20230710155702_1_L_1.jpg,0,1,0
None_20230710155702_2_L_1.jpg,0,1,0
None_20230710155702_3_L_1.jpg,0,1,0
None_20230710155702_4_L_1.jpg,0,1,0
None_20230710155713_0_L_1.jpg,0,1,0
None_20230710155713_0_R_1.jpg,0,1,0
None_20230710155713_1_L_1.jpg,0,1,0
None_20230710155713_1_R_1.jpg,0,1,0
None_20230710155713_2_L_1.jpg,0,1,0
None_20230710155713_2_R_1.jpg,0,1,0
None_20230710155713_3_L_1.jpg,0,1,0
None_20230710155713_4_L_1.jpg,0,1,0
None_20230710155713_4_R_1.jpg,0,1,0
None_20230710155726_0_L_1.jpg,0,1,0
None_20230710155726_0_R_1.jpg,0,1,0
None_20230710155726_2_L_1.jpg,0,1,0
None_20230710155726_2_R_1.jpg,0,1,0
None_20230710155726_3_L_1.jpg,0,1,0
None_20230710155726_3_R_1.jpg,0,1,0
None_20230710155726_4_L_1.jpg,0,1,0
None_20230710155738_0_R_1.jpg,0,1,0
None_20230710155738_1_R_1.jpg,0,1,0
None_20230710155925_0_L_1.jpg,0,1,0
None_20230710155925_2_L_1.jpg,0,1,0
None_20230710155925_4_L_1.jpg,0,1,0
None_20230710155936_0_R_1.jpg,0,1,0
None_20230710155936_1_R_1.jpg,0,1,0
None_20230710155936_2_L_1.jpg,0,1,0
None_20230710155936_2_R_1.jpg,0,1,0
None_20230710155936_3_L_1.jpg,0,1,0
None_20230710155936_3_R_1.jpg,0,1,0
None_20230710155936_4_L_1.jpg,0,1,0
None_20230710155949_0_L_1.jpg,0,1,0
None_20230710155949_0_R_1.jpg,0,1,0
None_20230710155949_1_L_1.jpg,0,1,0
None_20230710155949_1_R_1.jpg,0,1,0
None_20230710155949_4_L_1.jpg,0,1,0
None_20230710155949_4_R_1.jpg,0,1,0
None_20230710160002_0_R_1.jpg,0,1,0
None_20230710160002_1_R_1.jpg,0,1,0
None_20230710160243_0_L_1.jpg,0,1,0
None_20230710160243_1_L_1.jpg,0,1,0
None_20230710160243_2_L_1.jpg,0,1,0
None_20230710160243_3_L_1.jpg,0,1,0
None_20230710160243_4_L_1.jpg,0,1,0
None_20230710160255_0_L_1.jpg,0,1,0
None_20230710160255_0_R_1.jpg,0,1,0
None_20230710160255_1_R_1.jpg,0,1,0
None_20230710160255_2_L_1.jpg,0,1,0
None_20230710160255_2_R_1.jpg,0,1,0
None_20230710160255_3_L_1.jpg,0,1,0
None_20230710160255_3_R_1.jpg,0,1,0
None_20230710160255_4_L_1.jpg,0,1,0
None_20230710160308_0_L_1.jpg,0,1,0
None_20230710160308_0_R_1.jpg,0,1,0
None_20230710160308_1_L_1.jpg,0,1,0
None_20230710160308_1_R_1.jpg,0,1,0
None_20230710160308_2_R_1.jpg,0,1,0
None_20230710160308_3_L_1.jpg,0,1,0
None_20230710160308_3_R_1.jpg,0,1,0
None_20230710160308_4_L_1.jpg,0,1,0
None_20230710160321_0_R_1.jpg,0,1,0
None_20230710160321_1_R_1.jpg,0,1,0
None_20230710160321_2_R_1.jpg,0,1,0
None_20230710160421_1_L_1.jpg,0,1,0
None_20230710160421_3_L_1.jpg,0,1,0
None_20230710160421_4_L_1.jpg,0,1,0
None_20230710160433_0_L_1.jpg,0,1,0
None_20230710160433_0_R_1.jpg,0,1,0
None_20230710160433_1_L_1.jpg,0,1,0
None_20230710160433_1_R_1.jpg,0,1,0
None_20230710160433_2_L_1.jpg,0,1,0
None_20230710160433_2_R_1.jpg,0,1,0
None_20230710160433_3_L_1.jpg,0,1,0
None_20230710160433_3_R_1.jpg,0,1,0
None_20230710160433_4_L_1.jpg,0,1,0
None_20230710160445_0_L_1.jpg,0,1,0
None_20230710160445_1_R_1.jpg,0,1,0
None_20230710160445_2_L_1.jpg,0,1,0
None_20230710160445_2_R_1.jpg,0,1,0
None_20230710160445_3_R_1.jpg,0,1,0
None_20230710160445_4_L_1.jpg,0,1,0
None_20230710160501_0_R_1.jpg,0,1,0
None_20230710160501_1_R_1.jpg,0,1,0
None_20230710160622_0_L_1.jpg,0,1,0
None_20230710160622_1_L_1.jpg,0,1,0
None_20230710160622_2_L_1.jpg,0,1,0
None_20230710160622_3_L_1.jpg,0,1,0
None_20230710160622_4_L_1.jpg,0,1,0
None_20230710160633_0_L_1.jpg,0,1,0
None_20230710160633_0_R_1.jpg,0,1,0
None_20230710160633_1_L_1.jpg,0,1,0
None_20230710160633_1_R_1.jpg,0,1,0
None_20230710160633_2_L_1.jpg,0,1,0
None_20230710160633_2_R_1.jpg,0,1,0
None_20230710160633_3_L_1.jpg,0,1,0
None_20230710160633_3_R_1.jpg,0,1,0
None_20230710160646_0_L_1.jpg,0,1,0
None_20230710160646_1_L_1.jpg,0,1,0
None_20230710160646_1_R_1.jpg,0,1,0
None_20230710160646_2_L_1.jpg,0,1,0
None_20230710160646_3_L_1.jpg,0,1,0
None_20230710160646_3_R_1.jpg,0,1,0
None_20230710160646_4_L_1.jpg,0,1,0
None_20230710160659_0_R_1.jpg,0,1,0
None_20230710160659_3_R_1.jpg,0,1,0
None_20230710160659_4_R_1.jpg,0,1,0
None_20230710160929_0_L_1.jpg,0,1,0
None_20230710160929_1_L_1.jpg,0,1,0
None_20230710160929_2_L_1.jpg,0,1,0
None_20230710160929_4_L_1.jpg,0,1,0
None_20230710160942_0_L_1.jpg,0,1,0
None_20230710160942_0_R_1.jpg,0,1,0
None_20230710160942_1_R_1.jpg,0,1,0
None_20230710160942_2_L_1.jpg,0,1,0
None_20230710160942_2_R_1.jpg,0,1,0
None_20230710160942_3_L_1.jpg,0,1,0
None_20230710160942_4_L_1.jpg,0,1,0
None_20230710160942_4_R_1.jpg,0,1,0
None_20230710160955_0_L_1.jpg,0,1,0
None_20230710160955_1_L_1.jpg,0,1,0
None_20230710160955_1_R_1.jpg,0,1,0
None_20230710160955_2_L_1.jpg,0,1,0
None_20230710160955_3_L_1.jpg,0,1,0
None_20230710160955_3_R_1.jpg,0,1,0
None_20230710160955_4_L_1.jpg,0,1,0
None_20230710160955_4_R_1.jpg,0,1,0
None_20230710161008_0_R_1.jpg,0,1,0
None_20230710161008_1_R_1.jpg,0,1,0
None_20230710161008_2_R_1.jpg,0,1,0
None_20230710161008_3_R_1.jpg,0,1,0
None_20230710161114_0_L_1.jpg,0,1,0
None_20230710161114_1_L_1.jpg,0,1,0
None_20230710161114_2_L_1.jpg,0,1,0
None_20230710161114_4_L_1.jpg,0,1,0
None_20230710161125_0_L_1.jpg,0,1,0
None_20230710161125_0_R_1.jpg,0,1,0
None_20230710161125_1_L_1.jpg,0,1,0
None_20230710161125_1_R_1.jpg,0,1,0
None_20230710161125_2_L_1.jpg,0,1,0
None_20230710161125_2_R_1.jpg,0,1,0
None_20230710161125_3_L_1.jpg,0,1,0
None_20230710161125_3_R_1.jpg,0,1,0
None_20230710161125_4_L_1.jpg,0,1,0
None_20230710161125_4_R_1.jpg,0,1,0
None_20230710161138_0_L_1.jpg,0,1,0
None_20230710161138_0_R_1.jpg,0,1,0
None_20230710161138_1_L_1.jpg,0,1,0
None_20230710161138_1_R_1.jpg,0,1,0
None_20230710161138_2_L_1.jpg,0,1,0
None_20230710161138_3_L_1.jpg,0,1,0
None_20230710161138_4_L_1.jpg,0,1,0
None_20230710161151_0_R_1.jpg,0,1,0
None_20230710161341_1_L_1.jpg,0,1,0
None_20230710161341_3_L_1.jpg,0,1,0
None_20230710161352_0_L_1.jpg,0,1,0
None_20230710161352_0_R_1.jpg,0,1,0
None_20230710161352_1_L_1.jpg,0,1,0
None_20230710161352_1_R_1.jpg,0,1,0
None_20230710161352_2_L_1.jpg,0,1,0
None_20230710161352_3_L_1.jpg,0,1,0
None_20230710161352_4_L_1.jpg,0,1,0
None_20230710161352_4_R_1.jpg,0,1,0
None_20230710161406_0_L_1.jpg,0,1,0
None_20230710161406_0_R_1.jpg,0,1,0
None_20230710161406_1_L_1.jpg,0,1,0
None_20230710161406_1_R_1.jpg,0,1,0
None_20230710161406_3_L_1.jpg,0,1,0
None_20230710161406_4_R_1.jpg,0,1,0
None_20230710161418_1_R_1.jpg,0,1,0
None_20230710161418_3_R_1.jpg,0,1,0
None_20230710161554_0_L_1.jpg,0,1,0
None_20230710161554_1_L_1.jpg,0,1,0
None_20230710161554_2_L_1.jpg,0,1,0
None_20230710161605_0_L_1.jpg,0,1,0
None_20230710161605_1_L_1.jpg,0,1,0
None_20230710161605_1_R_1.jpg,0,1,0
None_20230710161605_2_R_1.jpg,0,1,0
None_20230710161605_3_L_1.jpg,0,1,0
None_20230710161605_3_R_1.jpg,0,1,0
None_20230710161605_4_L_1.jpg,0,1,0
None_20230710161618_0_L_1.jpg,0,1,0
None_20230710161618_1_L_1.jpg,0,1,0
None_20230710161618_1_R_1.jpg,0,1,0
None_20230710161618_2_R_1.jpg,0,1,0
None_20230710161618_3_L_1.jpg,0,1,0
None_20230710161631_0_R_1.jpg,0,1,0
None_20230710161631_2_R_1.jpg,0,1,0
None_20230710161758_0_L_1.jpg,0,1,0
None_20230710161758_1_L_1.jpg,0,1,0
None_20230710161758_3_L_1.jpg,0,1,0
None_20230710161758_4_L_1.jpg,0,1,0
None_20230710161808_0_L_1.jpg,0,1,0
None_20230710161808_0_R_1.jpg,0,1,0
None_20230710161808_1_L_1.jpg,0,1,0
None_20230710161808_1_R_1.jpg,0,1,0
None_20230710161808_2_L_1.jpg,0,1,0
None_20230710161808_2_R_1.jpg,0,1,0
None_20230710161808_4_L_1.jpg,0,1,0
None_20230710161808_4_R_1.jpg,0,1,0
None_20230710161822_0_L_1.jpg,0,1,0
None_20230710161822_0_R_1.jpg,0,1,0
None_20230710161822_1_L_1.jpg,0,1,0
None_20230710161822_1_R_1.jpg,0,1,0
None_20230710161822_2_L_1.jpg,0,1,0
None_20230710161822_2_R_1.jpg,0,1,0
None_20230710161822_3_L_1.jpg,0,1,0
None_20230710161822_3_R_1.jpg,0,1,0
None_20230710161822_4_R_1.jpg,0,1,0
None_20230710161835_0_R_1.jpg,0,1,0
None_20230710161835_1_R_1.jpg,0,1,0
None_20230710161835_2_R_1.jpg,0,1,0
None_20230710161942_0_L_1.jpg,0,1,0
None_20230710161942_1_L_1.jpg,0,1,0
None_20230710161942_2_L_1.jpg,0,1,0
None_20230710161942_4_L_1.jpg,0,1,0
None_20230710161953_0_L_1.jpg,0,1,0
None_20230710161953_0_R_1.jpg,0,1,0
None_20230710161953_1_L_1.jpg,0,1,0
None_20230710161953_1_R_1.jpg,0,1,0
None_20230710161953_2_L_1.jpg,0,1,0
None_20230710161953_2_R_1.jpg,0,1,0
None_20230710161953_3_L_1.jpg,0,1,0
None_20230710161953_3_R_1.jpg,0,1,0
None_20230710161953_4_R_1.jpg,0,1,0
None_20230710162006_0_L_1.jpg,0,1,0
None_20230710162006_2_R_1.jpg,0,1,0
None_20230710162006_3_L_1.jpg,0,1,0
None_20230710162006_4_R_1.jpg,0,1,0
None_20230710162022_0_R_1.jpg,0,1,0
None_20230710162022_1_R_1.jpg,0,1,0
None_20230710162022_3_R_1.jpg,0,1,0
None_20230710162149_0_L_1.jpg,0,1,0
None_20230710162149_1_L_1.jpg,0,1,0
None_20230710162149_2_L_1.jpg,0,1,0
None_20230710162149_3_L_1.jpg,0,1,0
None_20230710162149_4_L_1.jpg,0,1,0
None_20230710162201_0_L_1.jpg,0,1,0
None_20230710162201_1_L_1.jpg,0,1,0
None_20230710162201_1_R_1.jpg,0,1,0
None_20230710162201_2_L_1.jpg,0,1,0
None_20230710162201_2_R_1.jpg,0,1,0
None_20230710162201_3_L_1.jpg,0,1,0
None_20230710162201_3_R_1.jpg,0,1,0
None_20230710162201_4_L_1.jpg,0,1,0
None_20230710162201_4_R_1.jpg,0,1,0
None_20230710162214_0_L_1.jpg,0,1,0
None_20230710162214_0_R_1.jpg,0,1,0
None_20230710162214_2_L_1.jpg,0,1,0
None_20230710162214_2_R_1.jpg,0,1,0
None_20230710162214_3_R_1.jpg,0,1,0
None_20230710162214_4_R_1.jpg,0,1,0
None_20230710162226_0_R_1.jpg,0,1,0
None_20230710162226_1_R_1.jpg,0,1,0
None_20230710162226_2_R_1.jpg,0,1,0
None_20230710162243_0_R_1.jpg,0,1,0
None_20230710162243_2_R_1.jpg,0,1,0
None_20230710162243_3_R_1.jpg,0,1,0
None_20230710163028_0_L_1.jpg,0,1,0
None_20230710163028_1_L_1.jpg,0,1,0
None_20230710163028_2_L_1.jpg,0,1,0
None_20230710163028_3_L_1.jpg,0,1,0
None_20230710163028_4_L_1.jpg,0,1,0
None_20230710163039_0_L_1.jpg,0,1,0
None_20230710163039_0_R_1.jpg,0,1,0
None_20230710163039_1_L_1.jpg,0,1,0
None_20230710163039_1_R_1.jpg,0,1,0
None_20230710163039_2_L_1.jpg,0,1,0
None_20230710163039_2_R_1.jpg,0,1,0
None_20230710163039_3_R_1.jpg,0,1,0
None_20230710163052_0_L_1.jpg,0,1,0
None_20230710163052_0_R_1.jpg,0,1,0
None_20230710163052_1_L_1.jpg,0,1,0
None_20230710163052_1_R_1.jpg,0,1,0
None_20230710163052_2_L_1.jpg,0,1,0
None_20230710163052_2_R_1.jpg,0,1,0
None_20230710163052_3_L_1.jpg,0,1,0
None_20230710163052_4_R_1.jpg,0,1,0
None_20230710163106_2_R_1.jpg,0,1,0
None_20230710163106_3_R_1.jpg,0,1,0
None_20230710163213_0_L_1.jpg,0,1,0
None_20230710163213_1_L_1.jpg,0,1,0
None_20230710163224_0_R_1.jpg,0,1,0
None_20230710163224_1_L_1.jpg,0,1,0
None_20230710163224_1_R_1.jpg,0,1,0
None_20230710163224_2_L_1.jpg,0,1,0
None_20230710163224_2_R_1.jpg,0,1,0
None_20230710163224_3_L_1.jpg,0,1,0
None_20230710163224_3_R_1.jpg,0,1,0
None_20230710163237_0_R_1.jpg,0,1,0
None_20230710163237_2_L_1.jpg,0,1,0
None_20230710163237_2_R_1.jpg,0,1,0
None_20230710163237_3_L_1.jpg,0,1,0
None_20230710163237_3_R_1.jpg,0,1,0
None_20230710163237_4_L_1.jpg,0,1,0
None_20230710163250_0_R_1.jpg,0,1,0
None_20230710163250_1_R_1.jpg,0,1,0
None_20230710163250_2_R_1.jpg,0,1,0
None_20230710163420_0_L_1.jpg,0,1,0
None_20230710163420_2_L_1.jpg,0,1,0
None_20230710163420_3_L_1.jpg,0,1,0
None_20230710163432_0_L_1.jpg,0,1,0
None_20230710163432_0_R_1.jpg,0,1,0
None_20230710163432_1_R_1.jpg,0,1,0
None_20230710163432_2_L_1.jpg,0,1,0
None_20230710163432_2_R_1.jpg,0,1,0
None_20230710163432_3_L_1.jpg,0,1,0
None_20230710163432_3_R_1.jpg,0,1,0
None_20230710163432_4_L_1.jpg,0,1,0
None_20230710163444_0_L_1.jpg,0,1,0
None_20230710163444_0_R_1.jpg,0,1,0
None_20230710163444_1_L_1.jpg,0,1,0
None_20230710163444_1_R_1.jpg,0,1,0
None_20230710163444_2_R_1.jpg,0,1,0
None_20230710163444_3_L_1.jpg,0,1,0
None_20230710163444_3_R_1.jpg,0,1,0
None_20230710163444_4_L_1.jpg,0,1,0
None_20230710163457_0_R_1.jpg,0,1,0
None_20230710163457_2_R_1.jpg,0,1,0
None_20230710163624_0_L_1.jpg,0,1,0
None_20230710163624_1_L_1.jpg,0,1,0
None_20230710163624_2_L_1.jpg,0,1,0
None_20230710163624_3_L_1.jpg,0,1,0
None_20230710163635_0_L_1.jpg,0,1,0
None_20230710163635_0_R_1.jpg,0,1,0
None_20230710163635_1_L_1.jpg,0,1,0
None_20230710163635_1_R_1.jpg,0,1,0
None_20230710163635_2_L_1.jpg,0,1,0
None_20230710163635_2_R_1.jpg,0,1,0
None_20230710163635_3_L_1.jpg,0,1,0
None_20230710163635_3_R_1.jpg,0,1,0
None_20230710163635_4_L_1.jpg,0,1,0
None_20230710163635_4_R_1.jpg,0,1,0
None_20230710163648_0_L_1.jpg,0,1,0
None_20230710163648_1_R_1.jpg,0,1,0
None_20230710163648_2_L_1.jpg,0,1,0
None_20230710163648_2_R_1.jpg,0,1,0
None_20230710163648_3_L_1.jpg,0,1,0
None_20230710163648_3_R_1.jpg,0,1,0
None_20230710163648_4_R_1.jpg,0,1,0
None_20230710163702_0_R_1.jpg,0,1,0
None_20230710163702_1_R_1.jpg,0,1,0
None_20230710163702_2_R_1.jpg,0,1,0
None_20230710163810_1_L_1.jpg,0,1,0
None_20230710163810_2_L_1.jpg,0,1,0
None_20230710163810_3_L_1.jpg,0,1,0
None_20230710163810_4_L_1.jpg,0,1,0
None_20230710163821_0_L_1.jpg,0,1,0
None_20230710163821_0_R_1.jpg,0,1,0
None_20230710163821_1_L_1.jpg,0,1,0
None_20230710163821_2_R_1.jpg,0,1,0
None_20230710163821_3_L_1.jpg,0,1,0
None_20230710163834_0_R_1.jpg,0,1,0
None_20230710163834_1_R_1.jpg,0,1,0
None_20230710163834_2_R_1.jpg,0,1,0
None_20230710163850_0_R_1.jpg,0,1,0
None_20230710163850_1_R_1.jpg,0,1,0
None_20230710163850_2_R_1.jpg,0,1,0
None_20230710163850_3_R_1.jpg,0,1,0
None_20230710164455_0_L_1.jpg,0,1,0
None_20230710164455_1_L_1.jpg,0,1,0
None_20230710164455_2_L_1.jpg,0,1,0
None_20230710164455_3_L_1.jpg,0,1,0
None_20230710164455_4_L_1.jpg,0,1,0
None_20230710164508_0_L_1.jpg,0,1,0
None_20230710164508_0_R_1.jpg,0,1,0
None_20230710164508_1_R_1.jpg,0,1,0
None_20230710164508_2_L_1.jpg,0,1,0
None_20230710164508_2_R_1.jpg,0,1,0
None_20230710164508_3_R_1.jpg,0,1,0
None_20230710164520_0_L_1.jpg,0,1,0
None_20230710164520_0_R_1.jpg,0,1,0
None_20230710164520_2_L_1.jpg,0,1,0
None_20230710164520_2_R_1.jpg,0,1,0
None_20230710164520_3_R_1.jpg,0,1,0
None_20230710164520_4_L_1.jpg,0,1,0
None_20230710164533_0_R_1.jpg,0,1,0
None_20230710164533_1_R_1.jpg,0,1,0
None_20230710164533_2_R_1.jpg,0,1,0
None_20230710164533_3_R_1.jpg,0,1,0
None_20230710164533_4_R_1.jpg,0,1,0
None_20230710164644_0_L_1.jpg,0,1,0
None_20230710164644_1_L_1.jpg,0,1,0
None_20230710164644_2_L_1.jpg,0,1,0
None_20230710164644_3_L_1.jpg,0,1,0
None_20230710164655_0_L_1.jpg,0,1,0
None_20230710164655_0_R_1.jpg,0,1,0
None_20230710164655_1_L_1.jpg,0,1,0
None_20230710164655_1_R_1.jpg,0,1,0
None_20230710164655_2_L_1.jpg,0,1,0
None_20230710164655_2_R_1.jpg,0,1,0
None_20230710164655_3_L_1.jpg,0,1,0
None_20230710164655_3_R_1.jpg,0,1,0
None_20230710164655_4_R_1.jpg,0,1,0
None_20230710164708_0_L_1.jpg,0,1,0
None_20230710164708_0_R_1.jpg,0,1,0
None_20230710164708_1_L_1.jpg,0,1,0
None_20230710164708_1_R_1.jpg,0,1,0
None_20230710164708_3_L_1.jpg,0,1,0
None_20230710164708_3_R_1.jpg,0,1,0
None_20230710164708_4_L_1.jpg,0,1,0
None_20230710164721_0_R_1.jpg,0,1,0
None_20230710164721_1_R_1.jpg,0,1,0
None_20230710164721_3_R_1.jpg,0,1,0
None_20230710164721_4_R_1.jpg,0,1,0
None_20230710164818_0_L_1.jpg,0,1,0
None_20230710164818_2_L_1.jpg,0,1,0
None_20230710164818_4_L_1.jpg,0,1,0
None_20230710164830_0_L_1.jpg,0,1,0
None_20230710164830_0_R_1.jpg,0,1,0
None_20230710164830_1_L_1.jpg,0,1,0
None_20230710164830_1_R_1.jpg,0,1,0
None_20230710164830_2_L_1.jpg,0,1,0
None_20230710164830_2_R_1.jpg,0,1,0
None_20230710164830_3_R_1.jpg,0,1,0
None_20230710164830_4_R_1.jpg,0,1,0
None_20230710164842_0_R_1.jpg,0,1,0
None_20230710164842_1_L_1.jpg,0,1,0
None_20230710164842_1_R_1.jpg,0,1,0
None_20230710164842_2_L_1.jpg,0,1,0
None_20230710164842_2_R_1.jpg,0,1,0
None_20230710164842_3_L_1.jpg,0,1,0
None_20230710164842_3_R_1.jpg,0,1,0
None_20230710164842_4_L_1.jpg,0,1,0
None_20230710164855_0_R_1.jpg,0,1,0
None_20230710164855_2_R_1.jpg,0,1,0
None_20230710165043_0_L_1.jpg,0,1,0
None_20230710165043_1_L_1.jpg,0,1,0
None_20230710165043_3_L_1.jpg,0,1,0
None_20230710165043_4_L_1.jpg,0,1,0
None_20230710165055_0_L_1.jpg,0,1,0
None_20230710165055_0_R_1.jpg,0,1,0
None_20230710165055_1_L_1.jpg,0,1,0
None_20230710165055_2_L_1.jpg,0,1,0
None_20230710165055_2_R_1.jpg,0,1,0
None_20230710165055_3_L_1.jpg,0,1,0
None_20230710165055_4_R_1.jpg,0,1,0
None_20230710165108_0_L_1.jpg,0,1,0
None_20230710165108_0_R_1.jpg,0,1,0
None_20230710165108_1_L_1.jpg,0,1,0
None_20230710165108_1_R_1.jpg,0,1,0
None_20230710165108_2_L_1.jpg,0,1,0
None_20230710165108_2_R_1.jpg,0,1,0
None_20230710165108_3_L_1.jpg,0,1,0
None_20230710165108_3_R_1.jpg,0,1,0
None_20230710165108_4_L_1.jpg,0,1,0
None_20230710165121_0_R_1.jpg,0,1,0
None_20230710165121_2_R_1.jpg,0,1,0
None_20230710165222_2_L_1.jpg,0,1,0
None_20230710165222_3_L_1.jpg,0,1,0
None_20230710165222_4_L_1.jpg,0,1,0
None_20230710165234_0_L_1.jpg,0,1,0
None_20230710165234_0_R_1.jpg,0,1,0
None_20230710165234_1_R_1.jpg,0,1,0
None_20230710165234_2_L_1.jpg,0,1,0
None_20230710165234_2_R_1.jpg,0,1,0
None_20230710165234_3_L_1.jpg,0,1,0
None_20230710165234_3_R_1.jpg,0,1,0
None_20230710165247_0_L_1.jpg,0,1,0
None_20230710165247_0_R_1.jpg,0,1,0
None_20230710165247_1_L_1.jpg,0,1,0
None_20230710165247_1_R_1.jpg,0,1,0
None_20230710165247_2_L_1.jpg,0,1,0
None_20230710165247_2_R_1.jpg,0,1,0
None_20230710165247_3_L_1.jpg,0,1,0
None_20230710165247_3_R_1.jpg,0,1,0
None_20230710165247_4_L_1.jpg,0,1,0
None_20230710165259_0_R_1.jpg,0,1,0
None_20230710165259_1_R_1.jpg,0,1,0
None_20230710165947_0_R_1.jpg,0,1,0
None_20230710165947_1_R_1.jpg,0,1,0
None_20230710165947_3_R_1.jpg,0,1,0
None_20230710165947_4_R_1.jpg,0,1,0
None_20230710170546_1_L_1.jpg,0,1,0
None_20230710170546_2_L_1.jpg,0,1,0
None_20230710170546_3_L_1.jpg,0,1,0
None_20230710170546_4_L_1.jpg,0,1,0
None_20230710170559_2_R_1.jpg,0,1,0
None_20230710170559_3_R_1.jpg,0,1,0
None_20230710170559_4_R_1.jpg,0,1,0
None_20230710170850_3_L_1.jpg,0,1,0
None_20230710170850_4_L_1.jpg,0,1,0
None_20230710171207_2_L_1.jpg,0,1,0
None_20230710171207_4_L_1.jpg,0,1,0
None_20230710171511_3_L_1.jpg,0,1,0
